student_id,age,gender,grade,socioeconomic_status,parent_education,current_gpa,previous_gpa,grade_trend,attendance_percentage,failed_subjects,assignment_submission_rate,disciplinary_incidents,counseling_visits,consecutive_absences,late_arrivals,library_visits,extracurricular_participation,risk_score,risk_category,risk_numeric
STU0001,17,Male,9,High,Post-Graduate,48.08,56.16,-8.08,87.55,5,76.38,2,0,2,0,0,0,50,High,2
STU0002,16,Male,9,High,High School,57.29,50.03,7.26,76.9,1,62.15,0,0,3,3,2,1,30,Medium,1
STU0003,15,Male,9,Low,Graduate,44.99,43.7,1.29,67.37,2,58.8,3,0,1,2,2,0,85,Critical,3
STU0004,17,Male,10,High,None,62.08,50.26,11.83,84.07,0,72.07,2,0,0,1,0,0,45,High,2
STU0005,14,Female,9,Low,None,54.43,61.88,-7.45,82.34,0,77.6,3,0,0,3,1,0,55,High,2
STU0006,16,Male,10,Medium,High School,71.5,71.22,0.29,87.89,0,86.93,1,0,0,0,2,0,25,Medium,1
STU0007,17,Male,11,Medium,Post-Graduate,65.99,61.85,4.15,87.86,0,78.01,0,0,2,2,3,1,10,Low,0
STU0008,14,Female,9,Medium,High School,51.82,44.86,6.96,91.8,2,80.09,1,0,0,0,1,1,35,Medium,1
STU0009,14,Female,10,High,High School,46.12,39.54,6.58,83.83,4,65.85,0,0,0,2,0,0,45,High,2
STU0010,14,Male,11,Low,Graduate,69.5,49.51,19.99,92.2,1,90.38,0,0,1,0,1,1,10,Low,0
STU0011,17,Female,11,Medium,Post-Graduate,62.69,67.03,-4.35,86.74,0,73.11,0,0,0,1,1,0,20,Medium,1
STU0012,17,Female,10,High,Post-Graduate,54.66,64.65,-9.99,83.85,2,75.8,0,0,0,2,2,1,30,Medium,1
STU0013,17,Male,10,High,Graduate,62.41,63.86,-1.44,89.01,0,86.61,4,0,1,0,0,0,45,High,2
STU0014,16,Female,11,High,Graduate,38.12,39.32,-1.21,83.86,5,75.39,1,0,0,4,0,1,60,Critical,3
STU0015,16,Male,10,Low,Post-Graduate,43.59,44.06,-0.47,83.64,4,76.66,2,0,0,0,1,1,60,Critical,3
STU0016,16,Male,10,High,Post-Graduate,70.92,75.78,-4.86,84.91,1,74.67,0,0,1,4,1,0,20,Medium,1
STU0017,15,Female,12,High,None,72.3,86.4,-14.1,85.74,1,80.34,0,0,0,0,0,0,10,Low,0
STU0018,14,Male,10,High,Post-Graduate,43.89,29.47,14.42,88.35,3,81.85,3,2,1,1,1,1,60,Critical,3
STU0019,16,Female,12,Medium,Graduate,76.8,63.9,12.9,70.06,1,64.83,0,0,3,1,2,1,25,Medium,1
STU0020,18,Male,12,Low,High School,28.38,41.12,-12.74,73.71,3,64.17,0,0,4,0,0,1,60,Critical,3
STU0021,14,Male,10,High,None,57.79,66.05,-8.26,92.34,2,83.54,0,0,0,0,0,1,20,Medium,1
STU0022,14,Female,12,High,None,58.36,54.51,3.85,90.59,0,71.06,1,0,1,0,1,1,35,Medium,1
STU0023,14,Male,9,High,Post-Graduate,90.27,91.45,-1.19,88.31,1,79.83,1,0,0,1,5,1,15,Low,0
STU0024,18,Female,9,Medium,None,45.45,46.33,-0.88,80.64,4,70.43,0,0,0,1,1,0,45,High,2
STU0025,17,Male,11,High,Graduate,54.21,53.58,0.63,95.61,1,94.44,2,0,0,0,2,1,35,Medium,1
STU0026,18,Male,11,High,Graduate,36.66,41.73,-5.06,78.1,5,59.02,1,0,2,1,0,0,60,Critical,3
STU0027,17,Male,9,High,Post-Graduate,83.33,79.76,3.57,93.52,0,76.97,1,0,0,3,8,1,15,Low,0
STU0028,15,Male,11,Medium,Graduate,67.01,67.37,-0.35,92.09,1,77.0,2,0,3,0,0,0,25,Medium,1
STU0029,18,Male,9,High,None,67.9,58.53,9.38,77.96,1,68.66,1,0,0,0,2,1,35,Medium,1
STU0030,14,Male,10,High,None,47.13,44.39,2.75,73.44,3,68.38,4,2,1,0,0,1,85,Critical,3
STU0031,14,Male,11,High,None,87.04,94.85,-7.81,99.53,1,84.64,0,0,0,0,2,1,0,Low,0
STU0032,16,Male,11,Medium,Post-Graduate,64.33,71.93,-7.6,87.73,0,76.08,0,0,0,1,2,1,20,Medium,1
STU0033,15,Female,9,Low,Graduate,46.81,43.23,3.58,77.28,3,60.98,3,1,0,8,1,0,70,Critical,3
STU0034,16,Male,10,High,Graduate,67.11,69.79,-2.69,78.02,1,72.69,0,0,0,3,2,0,20,Medium,1
STU0035,16,Male,10,Low,High School,46.7,53.72,-7.02,71.77,4,65.76,4,2,3,4,0,1,85,Critical,3
STU0036,18,Male,10,Medium,None,59.19,44.63,14.55,75.82,2,72.81,0,0,0,0,0,0,30,Medium,1
STU0037,17,Male,12,Low,None,38.49,46.13,-7.64,62.29,2,56.44,3,0,2,1,0,1,85,Critical,3
STU0038,16,Male,9,Low,None,51.22,50.32,0.9,66.6,0,58.84,2,0,2,3,0,0,60,Critical,3
STU0039,16,Female,12,High,High School,84.2,93.16,-8.96,87.49,0,76.95,0,0,0,1,2,1,0,Low,0
STU0040,17,Male,9,Medium,Post-Graduate,60.34,42.92,17.41,79.38,0,69.49,1,0,3,0,0,1,45,High,2
STU0041,17,Male,10,Low,Graduate,75.15,79.65,-4.5,97.91,1,85.04,0,0,1,1,1,1,0,Low,0
STU0042,18,Male,12,Low,Post-Graduate,40.31,42.21,-1.9,79.68,2,73.08,1,0,4,0,2,1,60,Critical,3
STU0043,17,Male,12,High,High School,44.48,50.86,-6.38,82.55,2,78.11,0,0,0,1,1,0,45,High,2
STU0044,15,Male,9,Low,Graduate,58.21,64.89,-6.69,87.08,0,72.72,0,0,0,0,1,1,20,Medium,1
STU0045,18,Female,10,Medium,High School,61.01,59.77,1.25,80.17,1,74.81,2,0,0,2,2,0,45,High,2
STU0046,16,Male,12,Medium,None,83.98,99.96,-15.98,90.66,0,73.7,1,0,0,1,3,0,15,Low,0
STU0047,17,Female,10,Low,Post-Graduate,74.68,75.34,-0.66,89.97,1,85.82,0,0,0,1,1,0,10,Low,0
STU0048,18,Male,9,High,Post-Graduate,62.05,58.5,3.55,82.84,2,76.44,1,0,0,3,2,0,45,High,2
STU0049,15,Female,10,Low,High School,71.69,72.07,-0.38,100.0,1,85.62,2,0,1,0,0,1,25,Medium,1
STU0050,16,Male,9,High,Graduate,63.68,62.96,0.72,86.47,1,81.73,0,0,0,0,1,1,20,Medium,1
STU0051,16,Male,9,High,High School,42.59,39.18,3.42,97.24,5,89.89,0,0,0,2,2,1,35,Medium,1
STU0052,16,Female,11,Low,Post-Graduate,54.47,54.41,0.05,61.49,1,48.75,0,0,2,0,0,0,45,High,2
STU0053,14,Female,10,High,Post-Graduate,63.1,63.57,-0.47,76.15,0,61.72,1,0,2,2,2,1,45,High,2
STU0054,14,Male,9,Medium,High School,28.88,26.14,2.74,94.97,2,83.61,0,0,1,1,4,0,35,Medium,1
STU0055,14,Male,11,Low,Post-Graduate,39.87,38.83,1.04,66.26,4,60.35,7,1,0,3,3,1,85,Critical,3
STU0056,18,Male,11,Medium,Graduate,59.48,70.01,-10.53,75.07,0,58.8,0,0,3,2,2,1,30,Medium,1
STU0057,14,Female,9,High,Post-Graduate,69.7,78.15,-8.46,62.73,0,53.34,3,0,0,1,1,1,60,Critical,3
STU0058,14,Male,10,Medium,High School,40.93,36.43,4.49,84.45,3,77.57,0,0,2,2,2,1,45,High,2
STU0059,15,Male,11,Medium,Graduate,33.25,31.47,1.78,77.08,2,61.75,0,0,2,3,0,1,45,High,2
STU0060,17,Male,11,High,None,44.33,46.22,-1.89,75.14,4,68.79,1,0,1,0,1,0,60,Critical,3
STU0061,16,Male,9,High,None,60.76,56.0,4.76,100.0,0,83.4,2,0,1,1,0,1,35,Medium,1
STU0062,14,Male,9,Medium,Graduate,68.98,70.14,-1.16,95.84,1,84.34,2,0,0,0,0,1,25,Medium,1
STU0063,14,Female,10,High,None,63.0,60.12,2.88,83.77,2,75.53,0,0,1,1,0,1,30,Medium,1
STU0064,15,Female,9,Low,High School,58.57,41.93,16.64,75.96,2,61.94,0,0,3,2,0,1,30,Medium,1
STU0065,15,Male,9,Medium,Graduate,60.89,55.68,5.2,75.51,2,63.93,0,0,2,1,2,1,30,Medium,1
STU0066,14,Male,11,Medium,High School,51.21,46.02,5.19,83.04,1,78.74,5,0,0,1,1,1,55,High,2
STU0067,16,Male,10,High,High School,52.7,47.71,4.98,80.21,1,74.76,0,0,0,2,1,0,30,Medium,1
STU0068,14,Female,10,Low,Graduate,67.68,62.04,5.64,79.12,2,67.69,0,0,4,1,1,1,20,Medium,1
STU0069,14,Male,12,Low,Graduate,34.91,24.85,10.06,76.26,5,67.45,2,0,2,4,2,1,60,Critical,3
STU0070,16,Female,12,High,Graduate,61.37,59.24,2.13,81.97,0,72.43,3,1,2,1,0,0,55,High,2
STU0071,15,Male,12,Low,None,59.74,59.77,-0.03,79.8,0,72.78,1,0,3,3,2,0,45,High,2
STU0072,17,Female,11,Medium,Graduate,59.9,65.92,-6.02,89.15,1,85.12,0,0,1,4,1,0,20,Medium,1
STU0073,16,Male,12,Medium,Post-Graduate,56.64,62.49,-5.85,94.01,2,76.11,2,0,0,1,0,1,35,Medium,1
STU0074,15,Female,11,High,None,54.27,57.72,-3.45,79.21,0,72.51,1,0,2,1,0,1,45,High,2
STU0075,14,Female,9,Low,Post-Graduate,46.88,55.82,-8.94,92.33,5,81.0,0,0,0,0,1,0,35,Medium,1
STU0076,18,Female,9,Low,None,52.11,51.39,0.72,77.36,1,76.82,1,0,2,0,1,0,45,High,2
STU0077,15,Female,12,High,High School,54.84,54.64,0.2,92.97,1,78.98,3,4,0,0,0,0,45,High,2
STU0078,17,Male,11,Low,None,85.56,78.55,7.01,81.3,0,73.36,0,0,1,2,2,0,10,Low,0
STU0079,17,Male,11,Medium,High School,67.34,70.2,-2.86,78.61,1,77.08,1,0,4,0,0,1,35,Medium,1
STU0080,16,Female,11,High,High School,78.55,76.16,2.39,90.2,0,92.0,0,0,1,0,5,1,0,Low,0
STU0081,14,Female,11,High,None,41.84,38.04,3.79,84.89,3,81.86,2,0,0,2,2,0,60,Critical,3
STU0082,18,Female,10,Low,None,56.4,66.94,-10.54,93.82,2,86.64,0,0,0,1,2,1,20,Medium,1
STU0083,16,Female,10,High,Post-Graduate,68.71,78.91,-10.21,96.11,1,86.37,0,0,1,0,0,1,10,Low,0
STU0084,15,Male,11,Medium,Graduate,72.76,65.77,6.99,87.15,0,70.3,1,0,1,1,0,1,25,Medium,1
STU0085,16,Female,12,Medium,None,42.62,37.9,4.72,79.74,2,63.98,2,0,1,3,3,1,60,Critical,3
STU0086,18,Female,10,High,High School,50.15,51.34,-1.19,82.43,2,71.8,2,0,0,0,0,0,45,High,2
STU0087,18,Female,9,Low,Post-Graduate,72.47,75.67,-3.2,72.44,1,54.69,1,0,0,1,0,0,50,High,2
STU0088,15,Male,10,Low,High School,89.71,86.04,3.67,82.2,0,71.01,0,0,1,3,2,0,10,Low,0
STU0089,14,Female,9,Medium,None,85.01,75.87,9.14,94.5,0,89.24,0,0,0,0,4,1,0,Low,0
STU0090,14,Male,12,Medium,None,81.07,88.28,-7.21,87.42,0,77.98,1,0,1,0,0,0,15,Low,0
STU0091,14,Male,9,Medium,Graduate,32.1,44.52,-12.42,71.85,2,69.98,1,0,1,3,4,0,75,Critical,3
STU0092,18,Female,9,High,Graduate,91.01,100.0,-8.99,96.56,1,90.53,0,0,1,0,3,1,0,Low,0
STU0093,14,Male,12,Low,None,48.25,36.98,11.28,93.37,4,83.86,0,0,0,0,2,1,35,Medium,1
STU0094,17,Female,12,High,None,51.98,43.51,8.47,79.27,1,71.65,1,0,2,2,1,1,45,High,2
STU0095,18,Female,10,High,None,72.41,75.48,-3.07,86.11,1,84.13,1,0,0,2,0,1,25,Medium,1
STU0096,17,Male,11,High,None,66.98,81.54,-14.56,91.42,1,78.14,1,0,0,0,0,1,25,Medium,1
STU0097,17,Female,12,Low,Post-Graduate,58.16,71.15,-12.99,80.44,2,69.61,1,0,1,2,3,0,45,High,2
STU0098,16,Female,11,High,High School,40.74,42.09,-1.35,71.81,5,65.88,2,0,1,1,1,0,75,Critical,3
STU0099,18,Male,12,High,Graduate,61.65,49.19,12.45,80.18,2,62.2,0,0,2,2,0,1,30,Medium,1
STU0100,17,Male,12,Medium,Post-Graduate,75.67,73.06,2.61,95.49,1,79.99,0,0,1,1,3,1,0,Low,0
STU0101,18,Female,9,Low,None,73.71,64.47,9.24,84.17,1,72.01,1,0,2,0,0,0,35,Medium,1
STU0102,15,Male,12,Medium,High School,47.89,38.13,9.76,75.75,2,64.58,0,0,2,4,0,1,45,High,2
STU0103,14,Female,12,Medium,Graduate,64.58,62.25,2.32,84.21,1,72.27,0,0,1,0,0,1,30,Medium,1
STU0104,16,Female,12,Medium,High School,65.16,73.85,-8.69,85.23,0,79.08,1,0,0,0,2,0,25,Medium,1
STU0105,16,Female,10,Medium,Graduate,41.55,40.06,1.5,82.56,3,66.4,0,0,1,3,1,1,45,High,2
STU0106,16,Male,12,High,High School,74.69,72.99,1.71,97.25,1,94.98,1,0,1,0,0,0,25,Medium,1
STU0107,18,Female,10,Medium,Graduate,52.68,47.66,5.02,79.35,0,72.21,2,0,3,2,0,0,45,High,2
STU0108,17,Female,11,Low,None,41.09,44.44,-3.35,59.2,4,52.77,2,0,2,1,0,0,90,Critical,3
STU0109,15,Female,11,Medium,Post-Graduate,39.47,33.37,6.1,89.1,4,86.18,0,0,0,0,0,1,35,Medium,1
STU0110,17,Female,9,High,High School,66.05,74.14,-8.1,93.73,1,85.96,4,1,0,1,2,1,35,Medium,1
STU0111,15,Female,10,High,High School,39.59,37.54,2.06,67.71,4,54.98,3,0,1,0,0,1,85,Critical,3
STU0112,18,Male,9,Low,Graduate,33.41,35.3,-1.89,45.79,5,41.12,3,0,2,0,0,1,100,Critical,3
STU0113,17,Male,10,Low,None,52.29,45.25,7.04,77.95,0,72.43,0,0,4,4,0,1,30,Medium,1
STU0114,15,Male,12,High,Post-Graduate,75.82,61.92,13.9,80.24,0,62.48,0,0,0,3,4,1,10,Low,0
STU0115,15,Male,9,Low,Post-Graduate,35.8,37.67,-1.87,82.27,5,74.94,2,0,0,0,2,0,60,Critical,3
STU0116,16,Male,11,High,None,36.55,48.37,-11.83,81.61,2,70.97,1,0,0,4,1,0,60,Critical,3
STU0117,14,Male,9,High,Graduate,64.23,59.26,4.97,87.73,1,72.49,3,1,0,2,0,0,45,High,2
STU0118,14,Female,9,High,High School,74.51,67.41,7.1,84.03,0,73.44,1,0,0,2,0,0,35,Medium,1
STU0119,15,Female,11,Low,Post-Graduate,18.62,28.72,-10.1,53.87,2,41.26,3,0,1,2,0,0,100,Critical,3
STU0120,16,Female,12,Low,None,29.37,28.01,1.36,65.18,3,56.4,4,0,2,0,3,1,85,Critical,3
STU0121,14,Female,10,Medium,Graduate,73.05,75.15,-2.09,76.39,1,70.27,1,0,5,0,1,1,35,Medium,1
STU0122,18,Female,12,Medium,None,42.5,40.96,1.54,82.05,2,80.8,2,0,3,0,0,1,60,Critical,3
STU0123,17,Female,11,Low,High School,53.49,54.46,-0.97,68.12,1,65.74,4,0,1,2,0,0,70,Critical,3
STU0124,16,Female,10,Medium,None,52.78,53.31,-0.54,90.89,2,84.38,1,0,1,0,1,0,35,Medium,1
STU0125,15,Female,11,Low,None,39.9,38.84,1.05,62.23,5,51.97,1,0,2,1,2,0,75,Critical,3
STU0126,14,Female,11,Medium,Post-Graduate,51.59,43.01,8.58,78.38,0,55.93,0,0,2,3,1,1,30,Medium,1
STU0127,16,Male,9,Low,None,41.65,46.47,-4.82,74.29,4,67.51,2,0,0,1,0,1,75,Critical,3
STU0128,18,Male,12,High,None,75.11,74.63,0.49,87.54,1,75.11,0,0,0,1,2,1,0,Low,0
STU0129,18,Male,9,Medium,Graduate,38.65,49.6,-10.95,86.61,2,83.19,0,0,1,0,1,1,35,Medium,1
STU0130,16,Male,11,High,Post-Graduate,43.65,43.87,-0.22,91.31,5,75.76,0,0,0,1,0,1,35,Medium,1
STU0131,17,Female,12,High,Post-Graduate,53.72,56.14,-2.42,94.14,0,90.47,0,0,1,0,0,0,20,Medium,1
STU0132,14,Female,11,Medium,Post-Graduate,76.88,79.23,-2.35,80.98,1,72.51,1,0,0,2,5,0,25,Medium,1
STU0133,15,Male,11,Low,Graduate,46.29,42.62,3.67,71.38,4,62.28,4,3,0,1,1,0,85,Critical,3
STU0134,14,Female,11,High,Post-Graduate,49.75,44.99,4.76,91.94,2,76.69,0,0,0,2,3,1,35,Medium,1
STU0135,14,Male,11,Low,Post-Graduate,32.88,28.24,4.63,61.34,2,44.34,2,0,0,2,1,0,75,Critical,3
STU0136,16,Male,10,Medium,High School,78.31,86.33,-8.03,89.33,1,90.68,1,0,1,1,1,1,15,Low,0
STU0137,14,Female,10,High,None,26.44,32.68,-6.23,82.63,4,77.64,0,0,2,2,2,0,45,High,2
STU0138,17,Male,11,Medium,None,85.31,77.89,7.42,85.56,0,78.2,0,0,0,1,1,1,0,Low,0
STU0139,17,Male,9,Medium,None,61.41,54.34,7.08,92.0,0,89.96,2,0,0,2,0,0,35,Medium,1
STU0140,16,Male,12,Medium,High School,64.74,59.76,4.98,85.35,0,77.79,0,0,0,0,1,1,20,Medium,1
STU0141,15,Male,10,Low,Post-Graduate,28.67,34.75,-6.08,74.0,5,71.42,1,0,3,1,1,0,75,Critical,3
STU0142,14,Male,9,High,None,82.09,75.0,7.09,78.77,0,72.23,1,0,0,1,3,1,25,Medium,1
STU0143,16,Male,12,Medium,None,72.76,85.01,-12.25,83.55,1,80.45,3,2,1,3,1,0,45,High,2
STU0144,14,Female,11,High,High School,48.44,58.25,-9.81,89.1,3,85.97,2,0,0,0,0,1,50,High,2
STU0145,16,Male,10,High,Graduate,47.73,48.6,-0.87,87.89,2,80.69,1,0,0,2,2,0,50,High,2
STU0146,18,Male,10,Low,Graduate,75.12,65.57,9.55,67.25,0,65.12,1,0,1,2,2,1,40,High,2
STU0147,16,Male,9,Medium,None,80.63,92.49,-11.86,91.24,1,84.36,0,0,2,0,1,1,0,Low,0
STU0148,16,Female,11,Low,Graduate,25.87,33.59,-7.72,54.8,3,57.4,3,0,3,0,0,0,100,Critical,3
STU0149,16,Female,12,Low,Graduate,28.8,25.96,2.84,70.66,2,61.52,4,0,1,0,3,1,85,Critical,3
STU0150,18,Male,12,Low,Graduate,82.04,80.29,1.75,93.87,1,90.63,1,0,0,0,4,1,15,Low,0
STU0151,18,Female,10,Low,High School,52.03,49.74,2.29,63.97,0,53.06,4,3,2,1,2,0,70,Critical,3
STU0152,17,Female,11,Medium,High School,69.24,61.96,7.27,80.81,1,72.87,1,0,0,0,1,1,35,Medium,1
STU0153,16,Female,12,Medium,None,62.95,65.41,-2.46,90.4,2,87.33,3,0,1,2,2,1,45,High,2
STU0154,18,Male,12,High,Post-Graduate,63.74,71.36,-7.62,100.0,1,95.51,2,0,0,1,2,1,35,Medium,1
STU0155,15,Male,9,Low,High School,55.42,61.14,-5.73,85.28,0,79.09,2,0,0,1,1,1,35,Medium,1
STU0156,16,Female,9,Low,None,49.08,33.93,15.15,65.49,5,60.01,2,0,1,2,1,1,75,Critical,3
STU0157,16,Female,11,Low,None,51.12,60.74,-9.62,70.9,1,64.11,2,0,3,1,1,1,60,Critical,3
STU0158,17,Female,9,Medium,Post-Graduate,53.32,57.51,-4.19,78.86,0,62.29,2,0,2,1,1,1,45,High,2
STU0159,14,Female,9,Low,Post-Graduate,50.34,42.08,8.26,75.18,2,62.83,0,0,1,2,2,1,30,Medium,1
STU0160,15,Female,11,High,None,93.95,92.14,1.81,83.72,1,79.13,0,0,0,0,4,1,10,Low,0
STU0161,18,Male,12,Low,Post-Graduate,76.34,77.91,-1.58,89.83,1,79.92,0,0,1,0,3,0,0,Low,0
STU0162,16,Male,12,High,High School,34.78,31.15,3.63,80.93,2,80.1,1,0,0,5,1,1,60,Critical,3
STU0163,17,Female,12,Low,Graduate,44.46,57.6,-13.14,88.51,5,91.99,0,0,0,1,2,1,35,Medium,1
STU0164,15,Female,12,Low,Graduate,34.85,14.35,20.5,72.26,2,64.08,4,1,1,0,0,0,85,Critical,3
STU0165,17,Male,11,Medium,None,70.1,65.51,4.59,89.73,1,74.73,1,0,1,0,1,0,25,Medium,1
STU0166,17,Male,10,Medium,High School,45.1,43.32,1.79,86.39,3,85.2,0,0,2,0,1,1,35,Medium,1
STU0167,17,Male,10,Low,None,48.38,43.45,4.93,77.77,5,74.16,1,0,3,0,3,1,60,Critical,3
STU0168,17,Male,12,High,Post-Graduate,58.86,67.77,-8.92,79.36,1,76.99,0,0,2,2,1,1,30,Medium,1
STU0169,18,Female,12,Medium,None,70.43,82.98,-12.55,86.48,1,75.01,0,0,0,0,0,0,10,Low,0
STU0170,14,Male,12,Low,Graduate,34.96,28.86,6.09,46.49,5,43.39,6,1,2,7,1,1,100,Critical,3
STU0171,14,Female,12,Medium,Post-Graduate,78.35,86.78,-8.44,83.24,0,68.66,0,0,2,1,2,1,10,Low,0
STU0172,14,Female,11,High,None,70.24,47.02,23.21,84.94,0,86.45,1,0,2,2,1,1,35,Medium,1
STU0173,17,Female,12,Medium,Post-Graduate,47.28,52.95,-5.67,90.97,5,74.17,1,0,1,0,3,1,50,High,2
STU0174,17,Female,12,Medium,Graduate,74.54,67.65,6.88,73.65,1,61.14,1,0,0,0,2,1,50,High,2
STU0175,16,Male,12,Low,None,59.52,65.45,-5.92,86.49,1,78.16,1,0,0,1,1,0,35,Medium,1
STU0176,18,Female,12,Medium,Graduate,68.37,62.51,5.85,90.52,0,76.35,2,0,0,0,2,1,25,Medium,1
STU0177,18,Male,10,High,Post-Graduate,41.08,33.23,7.85,79.58,4,68.54,0,0,2,2,1,1,45,High,2
STU0178,15,Female,9,High,None,53.04,56.39,-3.35,78.36,2,77.53,1,0,3,3,2,0,45,High,2
STU0179,16,Male,12,High,Graduate,56.14,55.59,0.54,86.76,0,75.3,0,0,2,1,2,0,20,Medium,1
STU0180,17,Female,11,High,None,52.7,50.34,2.35,90.56,2,81.15,0,0,2,0,2,1,20,Medium,1
STU0181,14,Female,12,Medium,None,32.63,17.05,15.59,95.8,5,88.68,1,0,0,1,0,1,50,High,2
STU0182,15,Male,9,Low,Post-Graduate,53.44,48.24,5.2,79.52,2,75.43,3,1,2,1,0,1,55,High,2
STU0183,14,Male,12,Low,High School,60.25,50.03,10.22,86.38,1,86.81,0,0,0,0,3,1,20,Medium,1
STU0184,16,Female,9,Low,Post-Graduate,55.2,54.98,0.22,80.68,1,71.28,0,0,1,2,1,1,30,Medium,1
STU0185,17,Female,11,Medium,None,66.17,67.12,-0.95,79.39,1,76.19,2,0,0,2,2,0,35,Medium,1
STU0186,18,Female,10,Low,Graduate,37.23,43.78,-6.55,84.74,2,83.95,1,0,0,0,0,0,60,Critical,3
STU0187,14,Female,10,Medium,Graduate,70.62,60.01,10.61,87.72,1,76.44,1,0,1,1,2,0,25,Medium,1
STU0188,14,Female,12,Medium,High School,66.86,72.68,-5.82,98.6,0,87.12,2,0,0,1,1,1,25,Medium,1
STU0189,14,Female,11,High,Graduate,85.3,76.28,9.03,93.29,0,85.76,0,0,0,0,2,0,0,Low,0
STU0190,18,Female,11,High,None,56.04,68.81,-12.76,73.74,1,74.54,7,2,0,2,1,1,70,Critical,3
STU0191,17,Female,11,Low,None,66.6,70.09,-3.49,72.16,1,67.63,0,0,2,0,0,1,35,Medium,1
STU0192,18,Male,10,Medium,Post-Graduate,58.94,53.49,5.45,81.21,2,68.58,1,0,0,0,0,1,45,High,2
STU0193,18,Female,9,High,None,75.72,85.86,-10.14,92.66,1,78.36,0,0,0,0,4,0,0,Low,0
STU0194,18,Male,12,Medium,Graduate,33.56,39.22,-5.66,75.84,2,68.3,0,0,1,2,2,1,45,High,2
STU0195,16,Female,10,High,Graduate,54.75,40.06,14.69,84.7,2,79.01,0,0,0,0,0,1,30,Medium,1
STU0196,15,Male,9,High,High School,55.17,58.16,-2.99,96.69,1,77.83,0,0,0,1,0,0,20,Medium,1
STU0197,17,Female,9,High,Post-Graduate,44.68,36.51,8.16,86.68,4,77.28,0,0,0,1,1,1,35,Medium,1
STU0198,14,Male,11,Medium,None,63.03,56.09,6.95,99.97,1,92.64,0,0,0,0,0,0,20,Medium,1
STU0199,18,Male,11,High,Post-Graduate,68.86,74.65,-5.8,100.0,1,84.91,4,2,0,1,3,1,35,Medium,1
STU0200,14,Female,12,Medium,Post-Graduate,65.42,62.65,2.76,93.51,1,82.79,1,0,0,2,0,1,25,Medium,1
STU0201,14,Female,9,Low,Graduate,59.31,59.67,-0.35,86.29,0,77.48,2,0,1,0,0,1,35,Medium,1
STU0202,16,Female,11,Low,None,55.79,52.17,3.62,64.38,2,57.29,1,0,2,0,2,0,60,Critical,3
STU0203,14,Male,12,Medium,Post-Graduate,50.93,72.93,-22.0,99.56,1,90.02,0,0,1,1,0,1,20,Medium,1
STU0204,17,Female,9,High,Graduate,67.71,72.82,-5.11,76.21,0,61.25,2,0,1,2,0,1,35,Medium,1
STU0205,16,Female,10,High,High School,61.73,68.61,-6.88,75.17,0,62.45,1,0,3,2,2,1,45,High,2
STU0206,18,Female,11,High,None,71.17,69.92,1.25,93.32,0,90.53,0,0,0,1,1,0,10,Low,0
STU0207,18,Male,9,Medium,None,55.13,55.66,-0.54,88.93,1,78.26,0,0,0,1,1,0,20,Medium,1
STU0208,16,Male,10,Medium,None,86.41,91.23,-4.82,89.74,0,85.97,1,0,0,0,1,0,15,Low,0
STU0209,16,Female,10,Medium,High School,56.33,65.24,-8.91,93.8,2,86.35,1,0,1,0,2,1,35,Medium,1
STU0210,15,Female,11,Low,Post-Graduate,61.84,70.27,-8.44,77.8,2,71.02,1,0,1,5,0,0,45,High,2
STU0211,16,Female,10,Medium,High School,60.3,65.52,-5.22,93.47,2,89.69,1,0,0,1,0,1,35,Medium,1
STU0212,17,Female,11,Low,None,62.91,68.01,-5.1,76.12,1,68.17,0,0,6,1,0,0,30,Medium,1
STU0213,18,Male,12,Low,Graduate,67.94,65.53,2.4,87.49,2,74.7,3,0,2,1,2,1,35,Medium,1
STU0214,15,Male,9,Medium,Graduate,70.33,74.99,-4.66,91.93,0,83.52,0,0,0,0,4,1,10,Low,0
STU0215,16,Male,9,High,Graduate,60.98,50.8,10.18,95.94,1,83.89,0,0,0,3,0,1,20,Medium,1
STU0216,16,Male,11,Low,High School,34.6,30.7,3.9,60.56,4,52.75,2,0,3,0,1,0,75,Critical,3
STU0217,15,Male,10,High,Post-Graduate,66.25,69.17,-2.91,91.8,1,79.09,0,0,0,0,3,1,10,Low,0
STU0218,15,Male,9,Low,High School,48.1,43.78,4.32,64.63,3,52.71,8,0,3,3,0,0,85,Critical,3
STU0219,17,Male,11,Low,Graduate,33.48,44.24,-10.76,43.48,2,37.37,3,1,1,1,0,0,100,Critical,3
STU0220,15,Male,12,High,High School,99.76,100.0,-0.24,86.71,1,88.21,0,0,0,1,1,1,0,Low,0
STU0221,18,Female,12,Medium,High School,49.62,55.07,-5.45,88.87,3,92.38,2,0,0,0,1,1,50,High,2
STU0222,17,Male,9,High,Post-Graduate,68.12,67.87,0.25,68.3,1,56.92,5,0,4,3,1,1,60,Critical,3
STU0223,18,Male,9,Medium,None,62.34,53.32,9.02,81.74,1,71.4,1,0,4,0,0,1,45,High,2
STU0224,17,Male,12,High,None,61.75,49.61,12.14,80.44,1,76.15,2,0,0,2,4,0,45,High,2
STU0225,18,Male,11,High,Graduate,60.71,56.96,3.75,97.52,2,86.79,3,2,3,0,0,0,45,High,2
STU0226,15,Female,11,Medium,Post-Graduate,66.62,50.13,16.49,100.0,1,92.9,1,0,0,0,1,1,25,Medium,1
STU0227,14,Female,9,High,High School,68.07,58.89,9.18,83.48,2,74.85,1,0,0,3,3,1,35,Medium,1
STU0228,16,Male,12,Medium,Graduate,64.02,50.36,13.66,90.08,2,73.31,0,0,1,0,0,1,20,Medium,1
STU0229,14,Female,12,Medium,High School,66.92,69.25,-2.33,85.62,1,76.77,0,0,2,1,1,0,10,Low,0
STU0230,14,Female,11,Medium,Graduate,41.79,56.96,-15.17,85.34,5,77.91,1,0,0,2,1,1,50,High,2
STU0231,16,Female,9,Low,High School,50.4,67.05,-16.65,66.85,2,61.45,6,0,0,0,1,0,70,Critical,3
STU0232,18,Male,11,Low,High School,33.06,18.14,14.92,58.0,2,57.35,3,0,0,1,1,1,100,Critical,3
STU0233,18,Female,9,Medium,Post-Graduate,62.54,58.83,3.71,89.41,1,84.23,0,0,0,0,1,1,20,Medium,1
STU0234,14,Female,9,Medium,Post-Graduate,73.27,64.52,8.75,90.12,0,77.0,2,0,1,0,0,0,25,Medium,1
STU0235,16,Male,10,High,None,85.55,76.81,8.73,95.77,1,88.21,0,0,0,0,1,0,0,Low,0
STU0236,18,Male,11,High,Post-Graduate,86.19,78.96,7.23,100.0,1,86.46,0,0,0,1,3,0,0,Low,0
STU0237,16,Female,10,Medium,High School,31.97,26.66,5.31,76.08,2,62.13,2,0,3,3,1,1,60,Critical,3
STU0238,15,Female,9,Low,Post-Graduate,77.1,61.49,15.61,74.32,1,67.61,0,0,5,1,3,1,25,Medium,1
STU0239,16,Female,11,Medium,High School,64.96,54.03,10.93,83.07,2,68.29,0,0,0,1,0,0,30,Medium,1
STU0240,14,Male,12,Low,Graduate,69.44,60.85,8.59,82.85,2,80.98,0,0,1,0,0,1,20,Medium,1
STU0241,16,Male,9,High,Graduate,37.03,29.32,7.71,77.84,2,67.09,0,0,2,1,1,0,45,High,2
STU0242,15,Female,11,Low,Post-Graduate,44.57,44.9,-0.33,54.23,4,51.02,3,1,0,1,0,0,100,Critical,3
STU0243,14,Female,9,Low,Graduate,44.49,39.61,4.88,68.42,5,56.54,6,1,1,3,1,0,85,Critical,3
STU0244,15,Male,9,Medium,None,49.75,53.95,-4.2,97.54,2,82.1,0,0,0,0,0,1,35,Medium,1
STU0245,16,Female,12,Medium,Post-Graduate,43.75,47.87,-4.13,80.99,2,68.12,0,0,1,0,0,0,45,High,2
STU0246,17,Male,11,Medium,High School,75.17,71.9,3.28,92.14,0,86.49,1,0,0,1,2,0,15,Low,0
STU0247,16,Female,11,Low,Graduate,43.35,36.6,6.75,70.29,4,58.5,3,0,4,3,1,0,85,Critical,3
STU0248,14,Male,9,Low,Post-Graduate,42.83,41.54,1.29,74.67,5,69.23,2,0,0,2,1,1,75,Critical,3
STU0249,15,Male,11,Medium,Post-Graduate,51.39,55.22,-3.83,98.55,2,83.34,1,0,0,2,2,0,35,Medium,1
STU0250,18,Female,12,Low,Graduate,59.54,58.16,1.38,54.98,1,53.34,6,2,0,1,2,0,85,Critical,3
STU0251,17,Male,11,Low,None,42.68,48.35,-5.67,60.05,5,53.63,4,1,2,0,4,1,85,Critical,3
STU0252,14,Male,12,Low,None,15.35,11.86,3.49,93.7,5,72.29,0,0,0,1,3,1,35,Medium,1
STU0253,14,Female,12,High,None,45.01,28.96,16.05,69.03,5,56.36,2,0,5,2,0,1,75,Critical,3
STU0254,17,Female,11,Low,None,81.99,79.09,2.89,100.0,1,92.08,0,0,0,0,3,0,0,Low,0
STU0255,16,Female,10,High,None,90.99,80.83,10.16,100.0,0,90.2,0,0,0,0,4,1,0,Low,0
STU0256,16,Female,9,Medium,High School,79.47,83.16,-3.7,93.09,0,82.93,0,0,0,0,4,0,0,Low,0
STU0257,14,Female,9,Medium,Post-Graduate,52.95,36.1,16.85,93.7,0,85.42,1,0,0,0,1,1,35,Medium,1
STU0258,17,Male,11,Low,High School,25.4,11.04,14.35,61.16,4,48.27,4,1,1,1,0,1,85,Critical,3
STU0259,16,Male,10,Medium,Post-Graduate,41.62,38.75,2.87,82.11,2,81.4,0,0,0,1,0,1,45,High,2
STU0260,16,Male,10,Low,Graduate,56.15,63.2,-7.05,78.27,0,78.91,1,0,1,2,3,0,45,High,2
STU0261,16,Male,10,High,High School,40.76,32.62,8.14,76.91,4,72.02,0,0,2,5,1,0,45,High,2
STU0262,18,Female,12,High,None,43.99,59.92,-15.93,79.6,2,67.48,0,0,0,0,1,1,45,High,2
STU0263,15,Female,11,Low,None,47.23,50.58,-3.35,74.07,3,66.8,1,0,3,1,0,0,75,Critical,3
STU0264,17,Female,11,Medium,High School,35.65,39.65,-3.99,84.88,2,79.21,1,0,1,1,0,0,60,Critical,3
STU0265,17,Male,11,Medium,None,62.65,59.98,2.67,73.41,0,54.19,1,0,1,0,1,0,60,Critical,3
STU0266,14,Female,11,Low,High School,53.29,70.12,-16.83,81.56,0,76.39,0,0,0,1,5,1,30,Medium,1
STU0267,16,Female,12,High,High School,78.67,74.66,4.01,92.37,0,77.57,0,0,0,0,2,1,0,Low,0
STU0268,16,Male,11,High,None,84.93,74.64,10.29,85.42,1,76.69,0,0,1,0,2,1,0,Low,0
STU0269,15,Male,12,Low,Post-Graduate,80.71,87.97,-7.26,90.24,1,81.45,0,0,0,0,3,1,0,Low,0
STU0270,17,Male,10,Low,Graduate,58.88,62.35,-3.48,95.54,0,88.37,0,0,2,0,2,1,20,Medium,1
STU0271,17,Female,10,Medium,Post-Graduate,51.51,42.12,9.39,98.03,2,75.09,0,0,0,0,0,1,20,Medium,1
STU0272,14,Female,12,Medium,High School,44.77,40.47,4.29,80.07,4,75.64,2,0,1,3,0,1,60,Critical,3
STU0273,18,Female,9,Medium,High School,46.16,32.27,13.89,89.54,4,85.56,0,0,0,1,1,1,35,Medium,1
STU0274,15,Female,11,Medium,Graduate,50.8,47.9,2.9,77.89,0,67.34,0,0,0,4,1,0,30,Medium,1
STU0275,16,Male,11,Medium,None,41.64,38.41,3.23,75.63,5,63.99,1,0,2,0,0,0,60,Critical,3
STU0276,14,Male,11,High,None,38.31,48.23,-9.92,79.43,4,69.51,1,0,1,1,2,1,60,Critical,3
STU0277,15,Female,10,High,High School,58.72,56.19,2.53,85.6,2,75.66,0,0,0,1,1,1,20,Medium,1
STU0278,14,Female,11,Low,Post-Graduate,55.8,45.0,10.8,65.64,2,57.0,1,0,2,0,0,0,60,Critical,3
STU0279,14,Male,11,Medium,Graduate,71.7,82.77,-11.07,76.62,0,78.44,1,0,1,0,2,0,35,Medium,1
STU0280,14,Male,10,Low,Post-Graduate,45.61,48.83,-3.22,88.43,5,75.03,1,0,0,0,0,1,50,High,2
STU0281,15,Male,9,High,Post-Graduate,66.25,71.99,-5.74,80.3,0,73.84,0,0,1,2,1,1,20,Medium,1
STU0282,16,Male,12,Low,Graduate,52.62,45.97,6.66,70.29,1,62.72,6,2,2,0,1,0,70,Critical,3
STU0283,17,Male,12,Low,None,59.18,70.58,-11.39,69.23,2,62.76,5,3,2,2,3,0,70,Critical,3
STU0284,16,Male,12,High,Post-Graduate,91.69,90.98,0.71,92.67,1,84.06,0,0,0,0,5,1,0,Low,0
STU0285,16,Female,10,High,Graduate,61.59,75.22,-13.63,84.15,0,63.6,4,0,0,3,1,0,55,High,2
STU0286,16,Female,10,Medium,None,39.94,43.77,-3.83,73.73,4,69.75,6,0,0,2,2,1,85,Critical,3
STU0287,15,Female,12,High,None,52.79,61.54,-8.75,81.37,0,78.04,3,1,1,1,2,1,55,High,2
STU0288,15,Male,10,Medium,High School,65.75,54.38,11.37,87.31,2,75.99,0,0,1,2,1,1,10,Low,0
STU0289,14,Female,9,High,High School,47.69,45.28,2.41,71.68,5,67.58,5,4,1,1,1,0,85,Critical,3
STU0290,14,Male,11,Medium,Graduate,69.4,81.96,-12.56,83.38,1,75.38,1,0,2,4,2,1,35,Medium,1
STU0291,14,Male,10,Medium,Post-Graduate,82.01,92.41,-10.4,85.13,1,75.4,1,0,0,1,5,1,15,Low,0
STU0292,18,Female,9,Medium,Post-Graduate,46.52,57.04,-10.52,88.23,3,76.58,2,0,0,0,4,0,50,High,2
STU0293,18,Male,11,Low,High School,44.7,41.52,3.18,57.92,3,54.7,4,2,2,1,1,0,100,Critical,3
STU0294,18,Male,11,Low,Graduate,83.21,80.29,2.92,90.55,0,80.74,0,0,0,0,3,0,0,Low,0
STU0295,14,Female,10,High,None,56.35,50.52,5.83,83.28,0,75.81,2,0,0,1,2,1,45,High,2
STU0296,18,Male,9,Low,Post-Graduate,27.03,21.11,5.91,61.83,3,61.61,3,0,1,1,1,0,85,Critical,3
STU0297,17,Male,12,Low,Post-Graduate,60.26,64.13,-3.86,80.02,0,77.63,4,0,0,0,1,0,55,High,2
STU0298,14,Male,9,Low,None,48.46,61.38,-12.92,95.03,5,83.92,1,0,1,0,1,1,50,High,2
STU0299,14,Female,9,Low,None,34.68,39.06,-4.39,73.9,3,77.83,4,0,1,1,3,1,85,Critical,3
STU0300,15,Male,10,High,Graduate,72.05,75.27,-3.22,82.99,1,73.81,0,0,1,2,1,0,20,Medium,1
STU0301,16,Male,11,Low,None,58.92,57.76,1.15,70.57,2,57.73,4,0,6,1,0,0,70,Critical,3
STU0302,15,Male,11,Low,High School,55.68,75.56,-19.88,70.6,1,69.8,2,0,5,3,1,0,60,Critical,3
STU0303,18,Female,9,High,None,78.01,72.1,5.91,89.76,1,90.4,0,0,0,0,4,1,0,Low,0
STU0304,18,Female,9,Medium,High School,38.32,51.46,-13.15,68.38,5,63.34,3,0,3,2,0,0,85,Critical,3
STU0305,14,Male,11,Low,High School,42.34,37.71,4.63,77.38,2,67.56,1,0,3,2,2,0,60,Critical,3
STU0306,15,Female,10,High,None,62.75,54.24,8.51,87.24,2,83.5,1,0,0,0,0,1,35,Medium,1
STU0307,17,Female,10,Low,High School,66.66,84.29,-17.63,74.64,0,61.85,1,0,6,2,0,1,50,High,2
STU0308,17,Female,9,Medium,Graduate,50.5,39.53,10.97,81.3,0,74.0,0,0,0,3,0,0,30,Medium,1
STU0309,17,Male,9,Medium,Post-Graduate,68.99,58.4,10.59,97.96,0,88.1,0,0,0,1,1,1,10,Low,0
STU0310,17,Female,11,Low,Graduate,59.54,47.44,12.1,79.78,0,67.31,0,0,4,4,1,0,30,Medium,1
STU0311,14,Male,11,Medium,High School,54.47,41.49,12.98,74.97,1,62.57,8,1,2,2,0,1,70,Critical,3
STU0312,17,Female,12,High,None,37.5,49.17,-11.67,78.93,2,65.22,1,0,2,2,1,1,60,Critical,3
STU0313,15,Female,11,Low,None,61.02,69.73,-8.71,92.29,2,87.51,2,0,1,0,2,1,35,Medium,1
STU0314,15,Female,11,Low,None,57.68,58.37,-0.69,74.28,2,63.11,2,0,0,2,2,0,60,Critical,3
STU0315,18,Male,11,Medium,High School,59.35,53.65,5.7,83.03,0,73.75,1,0,0,1,1,0,45,High,2
STU0316,16,Female,11,Medium,None,49.73,42.96,6.77,87.23,2,75.58,0,0,0,0,0,0,35,Medium,1
STU0317,17,Female,11,Medium,High School,49.57,57.06,-7.49,100.0,2,94.48,2,0,0,1,2,1,50,High,2
STU0318,18,Female,12,Medium,High School,53.53,48.12,5.41,71.83,0,56.78,5,0,0,0,2,0,70,Critical,3
STU0319,16,Female,11,High,Graduate,46.04,55.89,-9.84,74.88,4,65.79,5,1,1,4,2,1,85,Critical,3
STU0320,14,Male,12,Low,Graduate,47.59,50.08,-2.49,64.89,4,60.12,3,2,2,1,0,0,85,Critical,3
STU0321,16,Female,11,Medium,High School,57.17,57.54,-0.36,81.24,2,77.98,1,0,0,3,0,1,45,High,2
STU0322,14,Female,11,Medium,None,76.12,70.12,6.0,81.95,1,67.53,1,0,1,0,1,1,25,Medium,1
STU0323,18,Male,11,Medium,Post-Graduate,34.42,18.47,15.95,75.23,2,68.13,2,0,2,2,0,1,60,Critical,3
STU0324,15,Male,9,Low,Graduate,90.48,94.55,-4.07,93.11,1,81.65,1,0,0,2,1,1,15,Low,0
STU0325,14,Female,9,Medium,Post-Graduate,80.31,74.86,5.44,100.0,0,94.55,0,0,0,0,3,1,0,Low,0
STU0326,17,Male,11,High,None,39.57,51.83,-12.26,75.9,5,68.48,1,0,1,1,2,0,60,Critical,3
STU0327,17,Male,9,Medium,Graduate,82.74,78.03,4.71,91.08,0,87.68,0,0,0,0,1,1,0,Low,0
STU0328,18,Female,9,High,Post-Graduate,100.0,100.0,0.0,99.33,1,83.0,0,0,0,0,2,1,0,Low,0
STU0329,17,Male,11,Medium,Graduate,35.73,34.87,0.86,78.24,2,64.25,0,0,3,1,2,1,45,High,2
STU0330,15,Male,11,High,Graduate,54.72,49.34,5.38,80.79,1,73.83,1,0,0,2,0,0,45,High,2
STU0331,16,Male,10,Low,None,60.77,67.73,-6.96,57.43,0,56.13,2,0,0,0,0,0,75,Critical,3
STU0332,15,Female,12,High,Graduate,69.1,68.72,0.38,94.35,2,87.32,3,1,1,2,0,1,35,Medium,1
STU0333,15,Male,9,Medium,None,87.73,80.76,6.97,95.57,0,89.81,0,0,0,0,1,1,0,Low,0
STU0334,15,Female,12,Medium,High School,65.94,72.16,-6.21,84.17,1,75.47,0,0,0,4,3,0,20,Medium,1
STU0335,15,Female,9,Medium,None,46.43,47.3,-0.87,82.0,2,75.95,4,1,0,2,1,1,70,Critical,3
STU0336,16,Female,10,High,Graduate,49.58,50.5,-0.92,83.14,3,83.84,1,0,0,0,2,1,60,Critical,3
STU0337,17,Male,12,High,High School,47.4,51.92,-4.53,75.03,2,73.86,0,0,2,0,2,1,45,High,2
STU0338,18,Male,11,Low,Graduate,49.47,42.51,6.95,62.31,3,54.37,3,1,2,1,2,0,85,Critical,3
STU0339,17,Male,11,High,Post-Graduate,50.47,58.9,-8.43,91.05,0,85.1,1,0,1,0,0,1,35,Medium,1
STU0340,15,Female,10,High,Post-Graduate,59.55,49.66,9.89,85.03,2,79.91,2,0,0,0,2,0,35,Medium,1
STU0341,14,Female,9,High,Graduate,59.15,57.66,1.5,69.35,2,61.34,3,2,2,2,1,1,70,Critical,3
STU0342,18,Male,10,High,Post-Graduate,58.88,69.65,-10.77,75.85,1,61.96,0,0,1,0,0,1,30,Medium,1
STU0343,15,Male,9,Low,High School,68.41,70.45,-2.04,73.67,1,61.05,0,0,2,0,1,1,35,Medium,1
STU0344,14,Female,10,High,None,53.86,66.05,-12.19,86.02,2,70.58,0,0,0,0,0,1,20,Medium,1
STU0345,15,Male,12,High,Post-Graduate,64.42,63.83,0.59,74.29,1,68.03,1,0,1,2,1,1,60,Critical,3
STU0346,16,Female,12,Low,None,68.37,66.41,1.95,94.55,1,87.26,0,0,1,0,1,0,10,Low,0
STU0347,17,Male,9,Low,None,72.12,71.02,1.1,90.46,0,79.99,1,0,0,0,2,1,25,Medium,1
STU0348,18,Female,10,Medium,Graduate,50.6,57.61,-7.0,88.23,1,82.89,0,0,0,0,2,0,20,Medium,1
STU0349,15,Female,11,Medium,Graduate,55.36,37.99,17.37,86.57,0,78.4,1,0,0,2,0,1,35,Medium,1
STU0350,15,Male,11,Low,None,38.92,36.16,2.76,61.89,3,58.15,2,0,3,2,3,0,75,Critical,3
STU0351,16,Female,10,Low,High School,58.15,53.45,4.69,75.11,2,65.78,2,0,2,3,1,0,45,High,2
STU0352,15,Female,12,Low,Graduate,58.04,41.9,16.14,81.28,1,58.99,0,0,2,3,0,1,30,Medium,1
STU0353,15,Female,10,Low,None,54.91,59.9,-4.99,82.52,2,78.17,1,0,1,0,0,1,45,High,2
STU0354,14,Female,12,Medium,None,55.22,56.8,-1.58,82.41,1,76.17,0,0,0,0,1,0,30,Medium,1
STU0355,14,Female,12,Low,Graduate,61.16,61.0,0.16,95.33,2,81.42,1,0,0,0,3,1,35,Medium,1
STU0356,17,Male,9,Medium,None,51.41,42.97,8.44,78.6,2,76.07,2,0,3,0,2,1,45,High,2
STU0357,18,Female,11,High,High School,60.17,64.88,-4.71,94.95,0,91.5,0,0,0,1,2,1,20,Medium,1
STU0358,18,Female,10,Medium,Post-Graduate,68.54,83.53,-14.98,86.01,0,82.3,2,0,0,1,0,1,25,Medium,1
STU0359,18,Female,9,Medium,High School,35.56,35.54,0.02,100.0,3,91.69,0,0,0,1,1,1,35,Medium,1
STU0360,14,Male,11,High,Post-Graduate,51.21,55.0,-3.8,86.86,2,85.51,0,0,3,0,1,0,20,Medium,1
STU0361,15,Female,11,High,High School,71.83,63.51,8.32,89.38,1,79.27,1,0,1,1,1,0,25,Medium,1
STU0362,18,Male,12,Medium,Post-Graduate,53.47,55.56,-2.09,91.25,2,87.24,1,0,1,0,3,1,35,Medium,1
STU0363,14,Female,10,Low,None,44.15,47.19,-3.04,48.8,5,38.44,4,1,2,0,0,1,100,Critical,3
STU0364,18,Male,9,Low,Post-Graduate,15.8,14.19,1.61,77.64,2,63.59,0,0,2,1,1,1,45,High,2
STU0365,14,Female,10,High,Graduate,56.55,49.15,7.39,74.15,0,73.87,2,0,1,1,1,0,60,Critical,3
STU0366,15,Female,10,Medium,Post-Graduate,46.0,38.17,7.83,74.55,3,62.5,1,0,3,2,3,1,75,Critical,3
STU0367,15,Female,11,Medium,High School,40.53,33.58,6.95,86.08,4,80.41,1,0,0,0,1,0,50,High,2
STU0368,15,Male,12,High,Post-Graduate,58.63,70.7,-12.08,80.17,1,78.73,3,0,0,2,1,1,55,High,2
STU0369,16,Male,12,Medium,Graduate,49.59,63.89,-14.3,89.11,4,76.82,1,0,0,0,1,1,50,High,2
STU0370,14,Female,10,High,None,59.79,49.1,10.69,87.49,2,83.8,0,0,0,0,1,0,20,Medium,1
STU0371,17,Male,9,High,High School,55.57,42.1,13.47,81.05,0,67.96,1,0,0,1,0,0,45,High,2
STU0372,18,Female,11,Medium,Graduate,59.21,51.57,7.64,84.83,1,78.19,1,0,0,3,0,1,45,High,2
STU0373,18,Male,12,High,None,68.71,63.42,5.29,91.35,1,83.89,0,0,1,0,1,1,10,Low,0
STU0374,15,Male,10,High,Graduate,68.33,61.12,7.21,88.05,1,82.26,1,0,0,1,0,1,25,Medium,1
STU0375,14,Female,12,Medium,Graduate,64.73,66.42,-1.69,86.26,1,72.57,1,0,0,0,1,1,35,Medium,1
STU0376,16,Female,11,High,Post-Graduate,34.05,39.28,-5.22,75.9,5,72.72,2,0,1,1,4,1,60,Critical,3
STU0377,16,Male,10,Medium,Post-Graduate,48.07,55.12,-7.05,74.08,5,59.71,2,0,2,2,2,0,75,Critical,3
STU0378,16,Female,11,High,Graduate,58.17,51.35,6.82,76.95,0,69.62,0,0,2,3,1,1,30,Medium,1
STU0379,16,Female,11,Medium,Post-Graduate,48.59,71.34,-22.75,88.32,5,81.68,1,0,0,1,0,1,50,High,2
STU0380,17,Female,11,Low,None,21.7,17.22,4.48,78.28,3,69.2,1,0,2,0,2,1,60,Critical,3
STU0381,14,Female,11,Low,Post-Graduate,27.7,26.37,1.33,66.46,5,57.7,2,0,4,2,1,0,75,Critical,3
STU0382,17,Male,11,Medium,Post-Graduate,59.72,64.43,-4.71,82.7,1,74.09,2,0,0,1,1,1,45,High,2
STU0383,16,Male,10,High,Post-Graduate,64.85,68.5,-3.65,100.0,1,93.66,3,0,0,0,1,1,45,High,2
STU0384,18,Female,10,Low,Graduate,62.91,77.99,-15.08,83.91,2,70.88,1,0,0,2,2,0,45,High,2
STU0385,18,Male,10,Low,High School,60.57,77.39,-16.82,76.1,1,60.13,1,0,1,0,0,1,45,High,2
STU0386,17,Female,9,High,Graduate,58.16,52.94,5.23,90.92,2,86.04,0,0,0,0,0,0,20,Medium,1
STU0387,18,Male,12,High,None,58.43,59.23,-0.81,72.56,0,73.02,2,0,0,1,0,1,60,Critical,3
STU0388,16,Male,11,Medium,Post-Graduate,57.17,48.31,8.86,76.19,2,78.38,3,0,2,1,0,1,55,High,2
STU0389,17,Male,10,High,High School,70.65,75.93,-5.28,87.81,1,79.32,0,0,2,1,3,1,10,Low,0
STU0390,17,Male,12,Low,High School,41.74,60.45,-18.71,77.96,4,68.49,1,0,1,1,0,1,60,Critical,3
STU0391,18,Female,12,Low,Post-Graduate,30.88,23.39,7.5,55.12,2,50.01,4,1,2,1,1,1,100,Critical,3
STU0392,16,Male,11,High,High School,38.25,42.09,-3.84,72.34,4,68.75,8,0,2,0,0,1,85,Critical,3
STU0393,15,Female,11,Medium,None,60.5,63.1,-2.6,83.31,2,79.16,2,0,0,3,2,1,45,High,2
STU0394,18,Male,12,Medium,Graduate,77.44,83.8,-6.36,84.26,0,80.71,0,0,0,2,3,1,10,Low,0
STU0395,17,Female,10,High,None,64.98,58.69,6.3,78.56,2,73.0,0,0,4,0,1,1,30,Medium,1
STU0396,16,Male,9,High,Post-Graduate,61.67,55.76,5.91,77.17,1,63.02,0,0,3,0,0,1,30,Medium,1
STU0397,18,Male,10,High,None,66.22,66.82,-0.6,92.26,2,70.09,0,0,2,0,0,1,10,Low,0
STU0398,14,Female,9,Medium,High School,85.61,81.5,4.11,87.33,1,72.6,0,0,0,0,5,0,0,Low,0
STU0399,17,Male,12,Medium,Graduate,81.2,79.14,2.06,89.05,0,79.76,0,0,0,0,4,0,0,Low,0
STU0400,16,Female,10,Medium,Post-Graduate,53.0,55.48,-2.48,92.02,1,86.12,1,0,0,0,1,1,35,Medium,1
STU0401,16,Female,9,Medium,Post-Graduate,41.78,35.87,5.91,75.93,3,74.0,1,0,1,3,2,1,60,Critical,3
STU0402,17,Male,9,Medium,Post-Graduate,49.86,60.19,-10.33,74.31,3,79.82,2,0,2,1,0,0,75,Critical,3
STU0403,15,Female,9,High,Post-Graduate,59.64,64.44,-4.8,90.27,1,85.36,0,0,1,0,1,0,20,Medium,1
STU0404,14,Male,10,Low,None,76.39,71.2,5.19,88.09,0,83.44,0,0,1,0,4,0,0,Low,0
STU0405,18,Female,12,High,None,74.41,78.32,-3.91,86.76,0,74.06,0,0,0,2,0,1,10,Low,0
STU0406,14,Male,10,High,High School,53.9,63.89,-9.99,75.9,0,73.22,0,0,2,0,2,1,30,Medium,1
STU0407,14,Female,9,High,High School,59.76,62.47,-2.71,92.94,0,77.59,1,0,0,1,0,0,35,Medium,1
STU0408,14,Male,10,Low,Post-Graduate,51.98,59.28,-7.29,71.44,0,60.95,3,0,2,2,0,1,70,Critical,3
STU0409,15,Female,9,High,Graduate,54.72,37.65,17.07,87.06,2,84.03,4,1,0,0,1,1,45,High,2
STU0410,18,Female,9,High,None,43.51,41.98,1.52,85.5,4,69.46,4,0,0,0,2,1,60,Critical,3
STU0411,14,Female,10,High,None,82.39,64.39,18.0,90.92,0,85.59,0,0,0,0,2,1,0,Low,0
STU0412,15,Male,12,High,Post-Graduate,65.71,62.51,3.2,85.2,2,71.53,1,0,0,0,2,1,25,Medium,1
STU0413,16,Female,11,Low,Graduate,40.84,42.38,-1.54,85.57,5,77.52,0,0,0,1,2,1,35,Medium,1
STU0414,14,Male,12,Medium,High School,52.02,42.52,9.5,69.86,0,60.89,2,0,3,0,0,1,60,Critical,3
STU0415,15,Male,9,Medium,High School,62.4,54.03,8.37,78.84,2,70.65,1,0,4,0,2,0,45,High,2
STU0416,18,Male,10,High,None,69.84,73.19,-3.35,74.49,1,68.84,1,0,0,3,1,0,50,High,2
STU0417,17,Female,12,Medium,None,68.39,73.49,-5.1,86.57,0,82.8,0,0,0,0,0,0,10,Low,0
STU0418,16,Male,11,Low,Graduate,61.13,45.42,15.7,67.59,1,66.63,0,0,3,2,0,1,45,High,2
STU0419,16,Female,10,High,Graduate,62.02,54.83,7.19,83.39,1,84.85,2,0,0,2,0,1,45,High,2
STU0420,14,Male,11,Medium,None,69.13,84.07,-14.94,82.83,0,79.59,1,0,2,0,0,1,35,Medium,1
STU0421,17,Male,10,Medium,Post-Graduate,52.68,36.55,16.13,95.59,0,80.77,0,0,0,1,0,0,20,Medium,1
STU0422,17,Male,9,Low,None,35.23,33.21,2.02,96.59,4,90.29,0,0,1,0,1,1,35,Medium,1
STU0423,16,Male,10,Low,High School,52.44,58.76,-6.32,84.62,2,74.24,0,0,0,5,1,0,30,Medium,1
STU0424,17,Male,12,High,High School,58.04,48.18,9.86,76.55,1,73.66,1,0,2,3,1,0,45,High,2
STU0425,14,Male,12,Medium,Graduate,75.33,77.87,-2.54,90.44,0,81.78,1,0,0,0,7,1,15,Low,0
STU0426,16,Male,10,High,Post-Graduate,60.3,60.63,-0.33,73.86,2,70.5,1,0,1,2,1,0,60,Critical,3
STU0427,17,Female,11,Low,Post-Graduate,31.35,43.67,-12.32,42.13,4,46.06,1,0,1,2,1,1,90,Critical,3
STU0428,17,Male,12,Medium,Post-Graduate,47.37,50.19,-2.83,83.82,2,85.78,1,0,1,0,3,0,60,Critical,3
STU0429,15,Male,12,High,None,52.53,64.97,-12.44,87.73,1,77.81,1,0,0,0,1,0,35,Medium,1
STU0430,15,Female,12,High,Post-Graduate,93.67,99.04,-5.37,95.42,0,91.77,1,0,2,0,3,1,15,Low,0
STU0431,18,Female,10,Medium,None,58.63,69.18,-10.55,89.34,2,75.79,1,0,1,0,2,0,35,Medium,1
STU0432,17,Female,10,Low,Post-Graduate,67.43,63.32,4.11,80.84,0,78.06,1,0,0,2,1,1,35,Medium,1
STU0433,17,Male,12,Low,None,27.52,12.41,15.11,65.44,4,50.24,4,0,2,4,1,1,85,Critical,3
STU0434,14,Male,12,Low,Post-Graduate,57.21,69.53,-12.32,73.99,1,64.77,4,1,0,0,0,0,70,Critical,3
STU0435,14,Male,12,Medium,High School,63.65,63.99,-0.35,88.42,0,79.05,0,0,0,0,1,1,20,Medium,1
STU0436,17,Male,9,Medium,None,66.1,70.12,-4.01,88.48,1,76.32,2,0,0,0,0,1,25,Medium,1
STU0437,16,Male,9,Low,Graduate,60.27,52.73,7.54,56.36,0,49.63,1,0,1,0,1,1,75,Critical,3
STU0438,16,Female,11,Low,Graduate,63.15,49.44,13.71,86.97,2,73.76,0,0,0,0,1,1,20,Medium,1
STU0439,18,Male,12,Low,Graduate,57.48,54.34,3.13,68.27,0,67.91,1,0,1,2,3,0,60,Critical,3
STU0440,14,Male,11,Medium,None,83.02,90.18,-7.15,86.47,0,78.81,0,0,0,1,3,1,0,Low,0
STU0441,17,Female,11,Medium,Post-Graduate,51.57,47.5,4.08,77.08,0,69.52,0,0,1,1,1,1,30,Medium,1
STU0442,14,Female,12,Low,None,52.11,67.22,-15.11,77.46,1,68.89,3,0,2,0,0,1,55,High,2
STU0443,18,Female,10,Medium,Post-Graduate,65.28,65.7,-0.41,74.8,1,66.79,1,0,4,0,1,1,50,High,2
STU0444,15,Male,10,Low,Post-Graduate,74.36,78.8,-4.44,77.69,0,65.77,2,0,3,2,3,1,35,Medium,1
STU0445,15,Female,11,Low,Graduate,32.75,24.38,8.37,64.29,2,53.79,3,1,0,2,1,0,85,Critical,3
STU0446,17,Female,10,Medium,Post-Graduate,69.24,60.28,8.96,91.22,0,87.45,2,0,0,0,2,0,25,Medium,1
STU0447,14,Female,12,Medium,Graduate,54.38,36.7,17.69,78.22,2,85.03,0,0,1,1,1,1,30,Medium,1
STU0448,18,Female,10,Low,None,36.72,50.5,-13.78,77.14,3,70.42,2,0,1,0,0,0,60,Critical,3
STU0449,16,Male,9,Low,High School,66.51,67.79,-1.28,75.77,0,70.0,0,0,2,1,1,1,20,Medium,1
STU0450,16,Female,10,High,Graduate,57.94,55.73,2.2,84.75,2,73.6,1,0,0,1,1,0,45,High,2
STU0451,14,Male,9,Low,None,66.88,79.46,-12.58,70.43,0,58.47,0,0,0,3,1,0,35,Medium,1
STU0452,16,Female,12,Low,High School,30.98,29.57,1.41,64.28,5,43.35,8,0,1,3,2,1,85,Critical,3
STU0453,15,Female,9,Low,Post-Graduate,52.62,50.0,2.62,62.06,0,57.12,3,0,2,2,1,1,70,Critical,3
STU0454,18,Female,9,High,None,38.05,46.89,-8.84,71.9,3,62.81,5,1,0,2,0,1,85,Critical,3
STU0455,17,Male,9,Low,Graduate,44.37,66.59,-22.22,77.75,5,81.02,1,0,4,0,1,0,60,Critical,3
STU0456,17,Female,11,Medium,None,54.43,62.01,-7.58,93.0,1,79.13,0,0,0,0,1,0,20,Medium,1
STU0457,17,Female,12,High,Graduate,86.5,90.39,-3.89,89.98,1,88.07,0,0,1,0,3,1,0,Low,0
STU0458,14,Male,11,High,High School,54.99,62.5,-7.51,88.99,1,73.97,1,0,3,2,0,1,35,Medium,1
STU0459,14,Male,9,Medium,None,65.56,62.57,2.99,94.84,0,88.22,0,0,1,1,0,0,10,Low,0
STU0460,15,Female,9,High,High School,49.73,69.67,-19.94,87.0,3,76.92,4,0,0,2,0,1,60,Critical,3
STU0461,18,Male,12,Medium,Post-Graduate,53.25,53.8,-0.55,77.87,0,75.36,0,0,4,0,1,1,30,Medium,1
STU0462,18,Male,9,Low,Graduate,44.46,43.74,0.72,62.38,2,56.31,6,1,2,0,2,1,85,Critical,3
STU0463,16,Female,11,Low,High School,47.97,56.74,-8.78,71.72,3,67.22,4,2,2,0,2,1,85,Critical,3
STU0464,16,Female,9,Low,Post-Graduate,90.71,100.0,-9.29,93.58,0,84.9,0,0,0,0,1,0,0,Low,0
STU0465,16,Male,10,High,None,48.89,50.15,-1.26,88.46,5,81.61,0,0,0,0,2,1,35,Medium,1
STU0466,17,Female,10,High,Graduate,64.22,70.91,-6.7,84.1,0,73.92,1,0,1,1,1,1,45,High,2
STU0467,15,Female,11,Medium,Graduate,41.68,50.19,-8.51,87.84,2,78.28,3,3,0,0,4,1,60,Critical,3
STU0468,16,Male,11,Low,High School,39.8,54.75,-14.95,78.62,2,70.94,0,0,3,3,0,1,45,High,2
STU0469,17,Male,11,High,None,38.42,56.1,-17.67,83.83,5,76.04,1,0,0,2,0,1,60,Critical,3
STU0470,18,Female,9,High,Post-Graduate,72.82,71.55,1.27,90.8,1,77.13,0,0,0,1,0,1,10,Low,0
STU0471,15,Female,12,Low,Post-Graduate,25.2,38.89,-13.69,53.73,3,38.19,2,0,0,2,2,1,90,Critical,3
STU0472,14,Female,12,Low,None,38.04,37.55,0.49,54.25,4,45.08,3,1,2,1,1,0,100,Critical,3
STU0473,14,Female,10,High,High School,52.3,63.82,-11.52,92.66,1,84.84,0,0,0,1,0,0,20,Medium,1
STU0474,14,Male,12,High,Graduate,78.71,69.42,9.3,100.0,1,97.91,0,0,0,1,4,1,0,Low,0
STU0475,15,Female,11,Low,High School,31.36,21.79,9.57,55.3,4,50.81,5,0,3,1,1,0,100,Critical,3
STU0476,16,Female,12,Medium,Post-Graduate,64.59,79.24,-14.64,94.62,0,81.71,0,0,1,0,1,0,20,Medium,1
STU0477,17,Male,10,Medium,None,36.07,38.26,-2.2,75.94,2,65.32,3,0,0,2,1,1,70,Critical,3
STU0478,15,Female,9,Low,High School,50.23,55.25,-5.02,61.01,1,60.46,2,0,0,4,0,0,60,Critical,3
STU0479,17,Male,11,Medium,High School,59.78,53.64,6.14,81.91,0,76.94,0,0,0,1,0,0,30,Medium,1
STU0480,18,Female,9,High,Graduate,46.48,50.19,-3.71,76.49,4,74.96,1,0,3,3,0,1,60,Critical,3
STU0481,15,Male,12,Low,Graduate,52.27,58.11,-5.84,75.83,2,73.04,0,0,4,1,2,0,30,Medium,1
STU0482,16,Female,12,Low,High School,42.21,49.78,-7.56,45.38,3,37.73,6,1,1,2,0,0,100,Critical,3
STU0483,18,Female,12,Medium,None,55.05,65.91,-10.86,92.02,2,78.19,1,0,1,0,0,1,35,Medium,1
STU0484,17,Female,11,Low,None,64.33,55.51,8.83,89.33,0,77.93,1,0,1,1,1,1,35,Medium,1
STU0485,16,Male,12,Low,Graduate,51.46,45.48,5.97,68.39,2,69.42,5,1,1,0,3,0,70,Critical,3
STU0486,15,Female,11,High,None,44.65,34.25,10.4,79.05,2,68.08,3,0,4,0,2,1,70,Critical,3
STU0487,15,Female,12,Medium,None,54.66,57.66,-3.0,75.42,1,59.92,1,0,1,1,0,1,45,High,2
STU0488,14,Male,11,Medium,Graduate,50.27,47.83,2.44,84.69,0,73.7,1,0,1,3,2,1,45,High,2
STU0489,15,Male,12,Medium,Post-Graduate,59.69,58.93,0.76,92.99,1,86.15,0,0,0,0,1,1,20,Medium,1
STU0490,16,Female,10,Medium,None,55.32,43.99,11.34,89.58,2,72.28,1,0,0,0,1,0,35,Medium,1
STU0491,16,Female,11,Low,Graduate,80.15,74.35,5.8,89.55,0,73.68,0,0,1,0,0,1,0,Low,0
STU0492,14,Male,9,High,None,61.93,52.02,9.91,73.46,2,60.08,1,0,1,1,1,1,60,Critical,3
STU0493,16,Male,12,Medium,High School,77.07,76.34,0.73,81.1,0,68.74,0,0,1,1,3,1,10,Low,0
STU0494,15,Female,12,Low,Post-Graduate,39.96,31.95,8.01,69.02,2,59.73,1,0,2,2,0,0,75,Critical,3
STU0495,18,Male,12,Medium,High School,71.06,74.11,-3.05,90.31,0,87.2,1,0,1,1,1,1,25,Medium,1
STU0496,17,Female,12,High,None,47.07,43.74,3.33,74.85,5,70.38,1,0,1,2,0,1,75,Critical,3
STU0497,15,Female,9,Low,Graduate,55.33,62.38,-7.06,92.1,1,82.77,0,0,1,0,0,1,20,Medium,1
STU0498,14,Female,10,High,High School,73.91,70.96,2.95,82.21,1,78.03,1,0,2,1,1,1,35,Medium,1
STU0499,18,Female,11,Medium,High School,77.48,87.52,-10.04,88.68,1,89.42,0,0,0,0,11,0,0,Low,0
STU0500,15,Female,10,High,Graduate,28.44,31.62,-3.18,84.87,5,72.65,2,0,1,2,0,1,60,Critical,3
STU0501,18,Female,12,High,Graduate,61.72,73.49,-11.77,95.77,2,91.49,1,0,0,0,0,0,35,Medium,1
STU0502,14,Male,12,Low,Post-Graduate,41.3,41.02,0.28,83.75,5,72.82,2,0,0,2,2,1,60,Critical,3
STU0503,14,Male,9,High,Graduate,55.77,43.42,12.35,86.96,0,83.16,3,1,1,0,0,0,45,High,2
STU0504,16,Female,12,Low,None,64.47,68.65,-4.17,79.82,0,58.46,1,0,4,5,0,0,45,High,2
STU0505,17,Male,12,High,None,55.44,55.43,0.01,100.0,0,87.94,2,0,0,0,1,0,35,Medium,1
STU0506,17,Female,9,High,High School,57.45,60.44,-2.99,79.76,0,79.06,0,0,2,0,0,0,30,Medium,1
STU0507,17,Female,9,High,Graduate,50.47,49.71,0.76,76.44,0,66.81,1,0,1,2,2,1,45,High,2
STU0508,14,Male,10,High,Graduate,68.05,70.83,-2.77,90.27,2,77.82,3,1,1,1,2,0,35,Medium,1
STU0509,16,Female,12,Low,None,59.45,63.3,-3.85,76.21,1,69.79,2,0,4,0,1,1,45,High,2
STU0510,17,Male,12,Medium,High School,52.57,46.1,6.47,81.76,0,64.39,0,0,0,1,0,1,30,Medium,1
STU0511,15,Male,12,High,None,81.47,83.45,-1.98,93.66,1,83.1,0,0,1,1,5,0,0,Low,0
STU0512,18,Male,10,Medium,High School,62.37,77.74,-15.37,79.0,2,70.49,2,0,1,3,0,1,45,High,2
STU0513,17,Male,11,Medium,Graduate,67.85,75.71,-7.85,89.24,2,73.41,0,0,1,1,1,1,10,Low,0
STU0514,15,Female,12,High,Post-Graduate,47.26,44.21,3.05,96.25,4,88.52,3,0,0,0,0,1,60,Critical,3
STU0515,17,Female,9,Medium,Post-Graduate,28.95,21.57,7.38,73.06,4,71.69,2,0,1,0,1,1,75,Critical,3
STU0516,15,Male,11,High,High School,51.55,58.82,-7.27,85.64,2,79.31,2,0,0,1,0,1,35,Medium,1
STU0517,14,Female,9,Low,Post-Graduate,57.5,60.91,-3.41,96.74,1,86.89,1,0,0,0,1,0,35,Medium,1
STU0518,18,Female,10,High,None,81.17,81.63,-0.46,94.62,0,83.83,0,0,0,0,5,1,0,Low,0
STU0519,16,Male,12,Medium,Graduate,61.83,68.43,-6.6,90.35,0,87.71,1,0,0,1,1,1,35,Medium,1
STU0520,17,Male,10,Medium,Post-Graduate,24.45,9.89,14.56,73.61,2,72.18,6,3,1,0,0,0,85,Critical,3
STU0521,15,Female,12,High,High School,48.79,45.41,3.38,75.99,5,66.84,4,1,2,1,1,1,70,Critical,3
STU0522,17,Male,12,Low,Graduate,56.07,56.81,-0.74,100.0,2,92.38,1,0,1,1,3,1,35,Medium,1
STU0523,18,Female,12,High,None,51.85,66.63,-14.77,92.19,1,88.75,3,1,1,0,3,1,45,High,2
STU0524,17,Female,12,Low,High School,53.09,39.58,13.51,62.71,2,53.5,2,0,2,0,0,1,60,Critical,3
STU0525,16,Male,11,Low,Post-Graduate,37.73,33.42,4.31,80.4,4,66.31,1,0,0,1,1,0,60,Critical,3
STU0526,17,Female,10,Medium,None,51.78,48.84,2.94,88.38,1,80.98,3,0,0,1,0,1,45,High,2
STU0527,17,Male,9,Medium,Post-Graduate,65.29,61.36,3.93,80.82,0,67.29,1,0,0,2,0,1,35,Medium,1
STU0528,17,Male,12,High,Graduate,60.46,64.19,-3.73,55.43,1,46.87,2,0,3,0,0,1,75,Critical,3
STU0529,16,Male,10,Medium,High School,56.01,54.0,2.01,81.78,2,78.64,0,0,0,1,0,1,30,Medium,1
STU0530,15,Female,9,Medium,High School,22.99,32.74,-9.75,70.47,2,64.03,4,0,3,2,1,1,85,Critical,3
STU0531,15,Male,10,High,Post-Graduate,52.67,46.94,5.74,74.13,0,61.38,1,0,4,1,1,1,60,Critical,3
STU0532,16,Female,10,High,Graduate,66.86,77.9,-11.04,99.95,2,94.34,0,0,1,0,2,1,10,Low,0
STU0533,14,Male,9,High,Post-Graduate,65.01,59.61,5.4,91.79,1,81.21,0,0,0,0,0,1,10,Low,0
STU0534,17,Male,11,High,Post-Graduate,62.29,67.95,-5.66,90.72,2,85.53,2,0,0,0,1,0,35,Medium,1
STU0535,15,Female,9,Low,None,78.84,86.77,-7.93,82.92,0,76.18,0,0,0,0,3,1,10,Low,0
STU0536,15,Female,10,High,Graduate,43.38,41.44,1.94,79.42,3,75.8,2,0,2,0,3,0,60,Critical,3
STU0537,18,Female,10,High,None,64.23,66.8,-2.57,79.81,1,76.67,2,0,2,2,2,1,45,High,2
STU0538,14,Female,12,Medium,None,78.47,66.6,11.88,92.74,0,80.11,0,0,0,1,5,0,0,Low,0
STU0539,17,Male,12,High,Post-Graduate,74.32,90.08,-15.76,89.07,0,76.27,0,0,0,0,1,1,10,Low,0
STU0540,14,Female,12,Medium,Post-Graduate,45.95,52.58,-6.63,93.03,4,78.29,1,0,0,0,1,1,50,High,2
STU0541,14,Male,12,High,Post-Graduate,56.53,54.15,2.38,83.98,2,74.27,1,0,1,2,0,1,45,High,2
STU0542,17,Female,10,Medium,Graduate,63.75,62.38,1.37,77.77,0,76.23,1,0,3,1,1,1,45,High,2
STU0543,15,Female,11,Medium,Graduate,23.11,20.42,2.68,90.6,3,85.16,2,0,0,0,3,1,50,High,2
STU0544,15,Female,11,High,High School,37.16,44.91,-7.75,87.47,2,76.89,1,0,0,0,3,0,50,High,2
STU0545,14,Female,9,Low,Graduate,76.07,82.33,-6.26,85.27,0,72.47,0,0,1,1,1,1,0,Low,0
STU0546,18,Male,12,Low,Graduate,48.41,57.9,-9.49,70.32,5,53.83,1,0,1,3,0,1,75,Critical,3
STU0547,15,Female,10,Medium,High School,96.54,92.99,3.55,98.92,1,78.84,0,0,0,0,7,1,0,Low,0
STU0548,17,Female,9,Medium,Graduate,69.55,78.41,-8.86,86.84,1,84.02,2,0,0,0,1,0,25,Medium,1
STU0549,15,Female,10,Medium,High School,56.86,48.19,8.67,85.68,2,73.44,2,0,1,1,1,1,35,Medium,1
STU0550,14,Male,10,Medium,High School,62.28,64.24,-1.96,76.69,2,72.65,0,0,1,1,0,0,30,Medium,1
STU0551,18,Male,12,Low,High School,34.18,31.36,2.82,63.81,4,68.68,1,0,0,0,0,1,75,Critical,3
STU0552,15,Male,12,High,Graduate,87.63,95.37,-7.74,94.52,0,89.75,0,0,2,0,4,1,0,Low,0
STU0553,16,Male,12,Low,High School,23.6,32.16,-8.56,77.04,2,69.35,2,0,2,1,0,0,60,Critical,3
STU0554,16,Female,11,Low,None,61.55,65.39,-3.84,85.48,2,75.52,1,0,0,0,0,1,35,Medium,1
STU0555,16,Male,10,Low,High School,67.29,67.11,0.18,71.04,2,59.77,1,0,2,1,0,1,50,High,2
STU0556,18,Male,12,Medium,Graduate,46.78,47.76,-0.98,79.99,4,69.9,1,0,4,1,1,1,60,Critical,3
STU0557,14,Male,12,High,None,54.82,51.22,3.6,84.25,1,79.25,1,0,0,3,4,1,45,High,2
STU0558,15,Male,9,Low,High School,48.13,42.57,5.57,80.12,4,83.75,0,0,0,2,5,1,45,High,2
STU0559,17,Female,11,Medium,Post-Graduate,52.24,50.74,1.5,91.51,1,80.3,1,0,0,0,0,1,35,Medium,1
STU0560,16,Male,11,High,High School,56.8,55.43,1.37,92.15,2,95.5,1,0,1,1,1,0,35,Medium,1
STU0561,14,Female,9,High,Post-Graduate,38.63,45.84,-7.22,72.91,5,59.19,5,2,5,2,0,0,85,Critical,3
STU0562,15,Male,12,Medium,High School,64.43,68.97,-4.54,100.0,1,86.13,2,0,0,0,1,1,35,Medium,1
STU0563,18,Male,12,Medium,High School,69.48,74.08,-4.59,95.92,2,100.0,2,0,0,0,3,0,25,Medium,1
STU0564,16,Male,9,Medium,Post-Graduate,55.43,56.5,-1.08,75.16,2,64.03,0,0,2,0,1,0,30,Medium,1
STU0565,16,Female,11,High,Graduate,40.43,44.75,-4.32,93.23,3,82.6,1,0,1,0,0,1,50,High,2
STU0566,18,Male,9,High,High School,68.04,69.59,-1.55,94.97,2,84.43,2,0,0,2,1,0,25,Medium,1
STU0567,15,Male,9,Low,None,61.49,51.71,9.77,72.8,1,60.24,1,0,0,1,0,1,60,Critical,3
STU0568,17,Female,12,High,None,45.41,36.78,8.63,85.29,3,77.68,0,0,0,1,0,0,35,Medium,1
STU0569,17,Male,11,Low,Post-Graduate,47.57,54.78,-7.21,68.68,2,68.26,0,0,6,1,2,0,60,Critical,3
STU0570,16,Male,10,High,Post-Graduate,46.92,53.53,-6.62,82.12,2,66.35,1,0,0,0,1,0,60,Critical,3
STU0571,17,Male,11,High,None,46.53,42.53,4.0,85.01,4,85.85,0,0,0,0,1,1,35,Medium,1
STU0572,17,Male,9,Low,High School,77.9,78.66,-0.76,82.56,1,71.81,0,0,0,0,3,1,10,Low,0
STU0573,15,Male,12,High,High School,35.93,23.25,12.69,90.36,4,78.7,0,0,0,1,0,0,35,Medium,1
STU0574,15,Male,9,Low,Graduate,69.62,57.74,11.88,87.19,0,68.22,2,0,0,0,0,1,25,Medium,1
STU0575,17,Male,12,Medium,Post-Graduate,32.01,27.87,4.14,81.94,5,75.2,0,0,0,2,0,0,45,High,2
STU0576,15,Male,11,High,High School,64.21,66.95,-2.74,90.92,1,91.41,1,0,0,1,0,1,35,Medium,1
STU0577,14,Male,11,Medium,Post-Graduate,61.11,53.64,7.47,80.8,0,69.41,2,0,0,0,1,1,45,High,2
STU0578,16,Female,9,Medium,None,39.08,39.49,-0.41,71.12,5,71.36,3,1,0,0,3,1,85,Critical,3
STU0579,18,Male,12,High,Graduate,70.08,69.82,0.26,81.32,0,75.04,0,0,2,2,1,0,20,Medium,1
STU0580,14,Female,9,High,High School,60.11,67.72,-7.61,79.61,1,63.18,0,0,6,5,1,0,30,Medium,1
STU0581,15,Male,9,Low,Graduate,83.99,90.66,-6.68,83.03,0,80.2,1,0,2,3,4,0,25,Medium,1
STU0582,15,Female,12,Low,Graduate,100.0,100.0,0.0,86.58,0,75.84,0,0,0,0,2,1,0,Low,0
STU0583,17,Male,12,Low,Post-Graduate,36.98,47.36,-10.38,50.19,3,33.34,1,0,1,1,1,0,90,Critical,3
STU0584,16,Female,11,Low,Post-Graduate,41.82,52.79,-10.98,84.12,2,76.42,0,0,0,6,0,0,45,High,2
STU0585,14,Male,10,Low,High School,53.4,44.01,9.39,97.2,1,83.97,0,0,1,0,2,1,20,Medium,1
STU0586,15,Male,12,Medium,Post-Graduate,41.53,33.19,8.34,90.25,5,82.29,0,0,1,1,2,0,35,Medium,1
STU0587,16,Female,9,Medium,Graduate,53.91,59.13,-5.21,92.1,2,85.84,2,0,1,1,0,0,35,Medium,1
STU0588,14,Female,10,Medium,Post-Graduate,57.26,55.28,1.98,87.66,2,80.56,0,0,1,0,1,1,20,Medium,1
STU0589,18,Female,10,High,Graduate,85.24,68.74,16.5,82.08,0,73.44,0,0,1,1,2,0,10,Low,0
STU0590,14,Female,9,Low,Post-Graduate,44.81,45.64,-0.82,70.86,3,55.13,3,0,3,1,0,1,85,Critical,3
STU0591,18,Male,11,Low,None,59.47,53.67,5.8,78.8,1,72.55,0,0,2,6,1,1,30,Medium,1
STU0592,15,Female,9,Low,Graduate,64.93,62.61,2.32,85.7,1,79.35,0,0,2,1,2,1,20,Medium,1
STU0593,16,Male,10,High,Post-Graduate,69.09,73.1,-4.01,92.33,2,78.98,1,0,0,1,3,0,25,Medium,1
STU0594,18,Male,12,High,Post-Graduate,51.81,38.03,13.78,80.61,1,73.16,1,0,0,2,1,1,45,High,2
STU0595,18,Male,9,High,Graduate,55.45,48.82,6.63,77.53,2,66.88,1,0,3,3,0,1,45,High,2
STU0596,16,Female,9,High,High School,50.54,52.78,-2.24,90.65,0,81.11,0,0,0,0,0,1,20,Medium,1
STU0597,14,Male,10,Medium,Post-Graduate,55.0,54.23,0.77,80.75,1,71.3,0,0,0,2,1,1,30,Medium,1
STU0598,16,Female,11,Medium,None,69.37,77.8,-8.43,99.77,0,93.35,0,0,0,0,0,0,10,Low,0
STU0599,15,Male,10,Low,High School,73.14,77.47,-4.33,71.31,0,63.42,0,0,4,2,0,0,35,Medium,1
STU0600,15,Male,12,Medium,Post-Graduate,58.03,61.86,-3.83,91.11,0,74.77,2,0,0,1,0,1,35,Medium,1
STU0601,18,Female,10,Medium,Post-Graduate,60.43,64.25,-3.82,69.93,1,69.37,2,0,4,1,0,1,60,Critical,3
STU0602,14,Male,9,Low,Post-Graduate,57.39,64.67,-7.28,82.2,0,73.81,3,0,0,1,1,1,55,High,2
STU0603,14,Male,10,Medium,Graduate,64.26,77.11,-12.85,89.51,1,80.76,0,0,0,0,0,0,20,Medium,1
STU0604,15,Male,11,Medium,High School,33.04,43.52,-10.48,79.49,2,77.39,2,0,3,4,0,1,60,Critical,3
STU0605,16,Female,10,Low,None,45.6,44.89,0.72,82.14,2,68.27,0,0,0,4,2,1,45,High,2
STU0606,17,Male,9,Medium,High School,68.38,72.45,-4.07,85.19,1,82.44,0,0,0,0,1,1,10,Low,0
STU0607,14,Male,9,Low,High School,55.16,66.79,-11.63,64.15,1,54.58,2,0,1,3,1,1,60,Critical,3
STU0608,14,Male,10,Low,None,98.09,77.48,20.62,100.0,1,88.43,0,0,0,0,2,0,0,Low,0
STU0609,14,Male,11,Low,High School,35.61,33.64,1.98,80.45,3,68.41,1,0,0,2,2,1,60,Critical,3
STU0610,14,Male,12,Low,High School,53.77,49.31,4.47,82.33,0,73.85,0,0,1,1,2,1,30,Medium,1
STU0611,18,Female,9,Low,None,61.3,50.76,10.54,89.56,0,76.89,1,0,0,2,1,0,35,Medium,1
STU0612,14,Female,12,Medium,High School,30.36,5.25,25.11,70.5,3,62.77,0,0,1,2,1,0,60,Critical,3
STU0613,15,Female,10,Medium,Graduate,57.34,46.11,11.23,100.0,2,95.99,1,0,0,1,0,1,35,Medium,1
STU0614,17,Female,11,Medium,Graduate,68.53,63.5,5.03,92.63,2,79.83,1,0,1,2,1,0,25,Medium,1
STU0615,17,Male,11,Medium,None,56.59,57.79,-1.2,77.07,1,63.0,1,0,1,4,1,1,45,High,2
STU0616,17,Female,9,Low,Post-Graduate,35.93,35.27,0.66,50.13,3,50.8,2,0,1,1,1,0,90,Critical,3
STU0617,16,Female,10,High,Graduate,56.67,63.44,-6.77,80.83,0,66.94,1,0,0,1,1,1,45,High,2
STU0618,16,Male,12,High,Post-Graduate,49.9,46.06,3.84,65.83,5,49.87,4,1,4,4,2,1,85,Critical,3
STU0619,16,Female,11,High,Post-Graduate,67.91,67.8,0.11,75.56,0,65.88,3,1,4,3,2,0,45,High,2
STU0620,17,Male,9,Medium,Graduate,63.38,59.47,3.91,95.7,1,78.38,0,0,0,0,0,0,20,Medium,1
STU0621,17,Female,9,Medium,Post-Graduate,64.46,65.74,-1.29,90.46,1,77.83,1,0,1,3,0,1,35,Medium,1
STU0622,15,Male,10,Low,Graduate,49.51,57.18,-7.67,57.96,2,48.27,1,0,2,5,1,1,90,Critical,3
STU0623,17,Female,9,Low,None,91.53,89.51,2.02,93.34,0,82.74,0,0,1,0,1,0,0,Low,0
STU0624,16,Male,10,Low,Post-Graduate,46.23,43.72,2.51,62.85,2,55.26,2,0,5,1,1,1,75,Critical,3
STU0625,17,Female,9,High,Post-Graduate,40.62,53.78,-13.16,97.95,3,91.22,1,0,2,0,3,1,50,High,2
STU0626,17,Male,10,Medium,Post-Graduate,35.94,53.28,-17.34,74.43,3,61.43,2,0,3,6,1,0,75,Critical,3
STU0627,18,Male,9,Low,Graduate,77.07,69.18,7.9,84.46,0,78.84,0,0,0,1,3,1,10,Low,0
STU0628,18,Male,12,Low,Post-Graduate,45.21,35.42,9.8,60.62,2,42.73,4,0,5,2,0,1,85,Critical,3
STU0629,16,Male,10,Medium,Graduate,48.7,47.43,1.28,91.75,2,83.43,0,0,0,0,0,1,35,Medium,1
STU0630,18,Female,9,Low,Graduate,54.98,68.39,-13.41,62.86,1,56.9,1,0,0,0,1,1,60,Critical,3
STU0631,17,Male,9,High,Post-Graduate,77.06,83.91,-6.84,92.52,0,80.23,0,0,0,0,6,1,0,Low,0
STU0632,16,Female,12,High,High School,59.06,70.69,-11.63,83.5,2,72.75,1,0,1,2,0,0,45,High,2
STU0633,17,Female,10,Low,None,60.07,63.47,-3.4,80.98,0,74.31,2,0,0,0,1,1,45,High,2
STU0634,16,Female,11,Low,Post-Graduate,50.45,62.21,-11.76,67.83,0,56.79,2,0,1,1,2,0,60,Critical,3
STU0635,15,Male,12,Medium,Post-Graduate,39.63,34.41,5.22,68.53,5,59.99,4,0,2,2,0,0,85,Critical,3
STU0636,18,Male,12,High,High School,87.23,80.93,6.3,88.5,1,80.7,0,0,0,1,4,0,0,Low,0
STU0637,18,Female,10,High,High School,58.94,64.5,-5.56,88.89,0,79.08,0,0,0,1,3,1,20,Medium,1
STU0638,17,Male,11,High,High School,72.86,66.24,6.62,100.0,0,93.58,4,1,0,0,0,0,35,Medium,1
STU0639,15,Female,10,High,High School,72.46,71.11,1.35,94.32,1,76.19,3,1,0,1,0,1,35,Medium,1
STU0640,14,Female,12,Low,Post-Graduate,47.24,50.82,-3.58,67.33,5,62.22,3,0,1,0,1,0,85,Critical,3
STU0641,18,Male,11,Medium,High School,53.52,54.73,-1.2,90.93,1,85.06,1,0,0,1,0,1,35,Medium,1
STU0642,17,Male,12,Medium,None,45.14,59.3,-14.16,75.17,3,73.9,1,0,3,1,0,1,60,Critical,3
STU0643,14,Female,12,Medium,Post-Graduate,62.36,49.77,12.59,76.02,1,71.88,0,0,4,1,2,1,30,Medium,1
STU0644,16,Male,12,High,Graduate,47.69,60.27,-12.58,84.79,2,68.82,0,0,0,3,1,0,45,High,2
STU0645,15,Male,9,Medium,High School,82.23,85.62,-3.4,100.0,1,86.93,0,0,3,0,3,0,0,Low,0
STU0646,14,Male,9,Medium,Graduate,68.1,75.18,-7.08,97.5,0,81.69,2,0,1,2,0,1,25,Medium,1
STU0647,14,Male,9,High,High School,74.97,70.8,4.17,80.01,0,66.79,1,0,0,2,2,0,35,Medium,1
STU0648,15,Female,9,Medium,Graduate,60.03,54.42,5.61,87.95,0,84.58,0,0,1,0,2,1,20,Medium,1
STU0649,17,Female,10,Low,High School,41.07,39.39,1.68,79.66,2,72.0,0,0,3,0,0,0,45,High,2
STU0650,18,Male,12,High,Post-Graduate,96.36,97.02,-0.66,96.26,1,83.82,0,0,0,1,2,1,0,Low,0
STU0651,17,Female,10,Low,High School,49.21,64.02,-14.81,65.25,3,64.88,3,3,0,1,1,0,85,Critical,3
STU0652,18,Female,10,Low,Post-Graduate,69.74,83.78,-14.05,86.84,2,77.08,1,0,1,0,1,0,25,Medium,1
STU0653,17,Male,11,High,None,42.93,52.92,-9.99,78.55,5,80.38,0,0,2,1,1,0,45,High,2
STU0654,17,Male,10,Low,Post-Graduate,48.95,50.16,-1.21,70.11,2,53.24,4,2,1,2,1,1,85,Critical,3
STU0655,15,Female,9,Medium,None,94.73,86.83,7.9,84.13,1,62.83,0,0,2,1,4,1,10,Low,0
STU0656,17,Female,9,High,None,57.66,58.56,-0.9,84.51,2,75.84,0,0,1,1,1,0,30,Medium,1
STU0657,17,Female,11,Low,None,44.55,41.92,2.63,77.41,3,70.93,1,0,2,2,2,0,60,Critical,3
STU0658,17,Female,12,Medium,Graduate,41.47,42.01,-0.55,82.15,5,74.57,1,0,1,1,2,1,60,Critical,3
STU0659,15,Male,10,High,High School,74.85,87.41,-12.56,91.39,0,84.02,3,3,0,0,1,0,35,Medium,1
STU0660,16,Female,12,High,Graduate,41.89,39.77,2.12,83.42,4,79.85,4,2,1,2,2,1,70,Critical,3
STU0661,14,Female,12,High,None,75.31,79.9,-4.59,90.19,1,77.35,2,0,0,1,3,1,15,Low,0
STU0662,14,Male,12,Medium,High School,69.28,74.44,-5.15,93.86,0,85.21,1,0,0,0,1,0,25,Medium,1
STU0663,15,Male,10,Low,None,26.13,32.11,-5.99,66.27,5,57.38,3,0,3,2,2,0,85,Critical,3
STU0664,14,Male,10,Low,Graduate,48.86,33.22,15.64,73.81,5,64.88,1,0,0,1,0,0,75,Critical,3
STU0665,14,Male,12,Low,Graduate,44.8,57.76,-12.95,60.77,2,54.37,7,1,0,3,2,1,85,Critical,3
STU0666,16,Female,11,High,High School,38.25,44.7,-6.45,77.35,5,63.49,3,1,2,2,1,0,70,Critical,3
STU0667,15,Female,11,Medium,None,61.7,56.18,5.52,74.21,1,73.07,0,0,3,1,0,1,45,High,2
STU0668,15,Male,12,Low,None,74.83,75.99,-1.15,80.85,1,74.42,1,0,0,1,0,0,35,Medium,1
STU0669,14,Male,9,High,High School,77.35,69.02,8.33,100.0,0,91.33,0,0,1,0,2,1,0,Low,0
STU0670,17,Female,12,Medium,None,58.77,59.73,-0.96,91.67,0,72.91,3,1,0,2,0,1,45,High,2
STU0671,18,Female,9,Low,Post-Graduate,56.55,55.59,0.97,85.02,2,75.76,2,0,0,2,1,1,35,Medium,1
STU0672,14,Female,9,Medium,Post-Graduate,58.16,54.38,3.77,92.95,0,83.95,2,0,0,0,1,1,35,Medium,1
STU0673,16,Male,12,Medium,Post-Graduate,48.65,48.23,0.42,90.63,4,86.48,2,0,1,1,1,0,50,High,2
STU0674,18,Female,11,Medium,None,47.1,51.57,-4.48,68.93,5,54.61,3,0,0,1,0,1,85,Critical,3
STU0675,18,Male,10,Low,Post-Graduate,49.48,43.35,6.13,74.04,3,62.24,1,0,3,2,0,1,75,Critical,3
STU0676,18,Female,11,Medium,None,47.56,50.58,-3.03,84.81,2,72.09,0,0,0,0,2,1,45,High,2
STU0677,14,Male,10,Medium,Graduate,55.85,47.96,7.89,86.41,1,78.64,2,0,1,1,1,1,35,Medium,1
STU0678,15,Female,12,High,Post-Graduate,44.82,38.81,6.01,80.43,3,74.96,1,0,0,4,2,1,60,Critical,3
STU0679,17,Male,9,Medium,None,52.94,61.04,-8.11,82.6,0,73.87,1,0,0,3,0,0,45,High,2
STU0680,17,Male,10,Low,Graduate,58.15,64.69,-6.54,67.09,0,55.82,2,0,1,0,1,1,60,Critical,3
STU0681,17,Male,9,Medium,High School,70.12,68.63,1.49,82.33,1,66.41,1,0,1,1,2,1,35,Medium,1
STU0682,18,Male,11,Medium,None,44.24,54.59,-10.35,88.78,5,82.42,0,0,1,0,2,1,35,Medium,1
STU0683,14,Male,9,Low,Post-Graduate,56.42,59.42,-2.99,71.74,1,69.36,3,2,1,1,1,1,70,Critical,3
STU0684,18,Female,10,Medium,Post-Graduate,45.92,34.82,11.09,78.75,5,70.32,1,0,4,1,0,0,60,Critical,3
STU0685,18,Female,9,Medium,High School,54.27,53.78,0.49,73.12,0,73.27,3,1,2,2,1,0,70,Critical,3
STU0686,14,Male,10,Low,Graduate,48.71,39.66,9.05,78.78,3,75.27,0,0,1,0,2,1,45,High,2
STU0687,17,Female,12,High,High School,63.22,74.51,-11.3,84.76,0,68.29,1,0,0,1,1,1,45,High,2
STU0688,18,Male,12,Low,Graduate,85.35,82.33,3.02,86.38,1,73.24,0,0,0,0,5,1,0,Low,0
STU0689,15,Male,10,Medium,Post-Graduate,38.91,34.91,4.0,75.16,3,61.49,0,0,4,3,1,1,45,High,2
STU0690,16,Female,12,Medium,Post-Graduate,45.18,42.98,2.21,86.59,3,73.11,0,0,1,1,1,1,35,Medium,1
STU0691,15,Male,12,Medium,None,23.02,1.27,21.75,76.49,4,77.44,2,0,1,1,0,1,60,Critical,3
STU0692,18,Male,11,High,Post-Graduate,54.18,52.64,1.54,72.81,2,70.78,1,0,1,1,1,0,60,Critical,3
STU0693,17,Male,12,Low,Post-Graduate,53.1,54.96,-1.86,80.0,1,71.79,0,0,2,2,2,1,30,Medium,1
STU0694,18,Female,11,Medium,Post-Graduate,48.6,53.29,-4.69,83.17,4,78.38,1,0,0,2,2,0,60,Critical,3
STU0695,16,Male,9,High,None,68.76,70.27,-1.5,86.4,1,76.9,1,0,0,0,0,1,25,Medium,1
STU0696,15,Male,9,High,None,66.22,58.7,7.52,84.29,1,66.82,0,0,0,0,1,1,20,Medium,1
STU0697,18,Female,12,Medium,None,77.19,73.53,3.67,96.31,1,86.78,2,0,0,0,2,1,15,Low,0
STU0698,16,Male,11,High,Graduate,71.75,76.05,-4.3,79.06,1,71.81,2,0,3,0,0,1,35,Medium,1
STU0699,17,Female,11,High,Post-Graduate,69.53,65.15,4.38,92.21,0,75.73,0,0,0,0,0,1,10,Low,0
STU0700,18,Male,11,Low,None,26.73,12.59,14.14,69.1,2,62.29,3,1,1,2,0,0,85,Critical,3
STU0701,16,Female,10,High,Post-Graduate,42.26,38.96,3.3,84.91,3,83.26,0,0,0,0,0,1,45,High,2
STU0702,17,Male,11,Low,Post-Graduate,37.38,33.89,3.48,65.32,4,52.22,3,2,0,1,2,1,85,Critical,3
STU0703,16,Female,11,Medium,Post-Graduate,49.39,33.98,15.41,90.39,2,78.23,3,2,1,0,1,1,60,Critical,3
STU0704,14,Male,12,Low,High School,73.88,67.13,6.75,88.72,0,83.36,2,0,0,1,0,1,25,Medium,1
STU0705,16,Male,9,High,None,50.8,42.84,7.96,88.26,0,82.48,4,0,1,0,0,1,45,High,2
STU0706,17,Female,9,Low,Graduate,44.72,40.5,4.22,66.56,5,61.29,5,1,2,1,1,1,85,Critical,3
STU0707,18,Female,12,High,None,52.2,39.29,12.92,81.75,0,77.15,0,0,1,3,0,0,30,Medium,1
STU0708,15,Male,9,Medium,Post-Graduate,56.03,60.77,-4.74,83.44,0,77.01,1,0,0,0,2,1,45,High,2
STU0709,16,Male,11,High,High School,66.79,70.63,-3.84,82.35,2,71.97,2,0,1,2,3,0,35,Medium,1
STU0710,18,Female,10,Low,Graduate,44.71,53.69,-8.98,55.17,5,51.8,2,0,1,1,1,1,90,Critical,3
STU0711,14,Male,10,High,None,56.08,41.84,14.24,81.44,1,64.88,1,0,1,1,2,1,45,High,2
STU0712,16,Female,12,Medium,None,82.03,88.22,-6.19,98.49,1,92.19,0,0,0,0,4,0,0,Low,0
STU0713,16,Male,11,Low,Post-Graduate,52.46,57.58,-5.12,69.3,0,60.63,6,1,5,0,0,1,70,Critical,3
STU0714,17,Male,9,High,High School,70.16,67.84,2.32,76.18,1,65.19,2,0,0,5,3,1,35,Medium,1
STU0715,17,Male,10,High,Post-Graduate,50.88,61.6,-10.72,86.37,0,69.84,2,0,1,0,0,0,35,Medium,1
STU0716,17,Male,12,High,Post-Graduate,44.68,36.9,7.78,70.93,2,64.24,4,0,4,3,2,0,85,Critical,3
STU0717,14,Male,11,Medium,None,69.84,75.79,-5.95,97.3,1,94.86,0,0,2,1,0,1,10,Low,0
STU0718,16,Female,12,High,Graduate,63.09,71.26,-8.18,94.73,2,88.19,1,0,0,0,1,0,35,Medium,1
STU0719,14,Female,11,Low,Graduate,63.26,64.23,-0.97,65.98,2,62.3,1,0,3,1,2,1,60,Critical,3
STU0720,18,Female,9,Low,Graduate,45.78,53.34,-7.55,78.47,5,70.9,2,0,1,4,2,1,60,Critical,3
STU0721,15,Male,10,High,High School,84.67,80.77,3.9,92.19,0,87.87,0,0,0,0,3,1,0,Low,0
STU0722,15,Male,9,Medium,High School,56.57,43.78,12.78,89.51,0,78.64,0,0,0,0,2,0,20,Medium,1
STU0723,14,Female,9,High,High School,66.06,62.59,3.47,82.71,1,71.22,2,0,0,0,0,1,35,Medium,1
STU0724,17,Male,9,High,High School,74.25,85.52,-11.27,91.27,1,81.51,2,0,1,0,1,1,25,Medium,1
STU0725,16,Female,9,High,Post-Graduate,77.76,70.19,7.57,79.13,1,73.54,0,0,3,1,6,1,10,Low,0
STU0726,16,Male,10,High,High School,65.01,77.04,-12.03,79.67,1,72.22,0,0,2,1,3,0,20,Medium,1
STU0727,15,Male,11,High,Graduate,74.86,83.96,-9.09,82.51,0,75.77,3,1,2,1,1,1,45,High,2
STU0728,14,Male,9,Medium,High School,34.08,23.56,10.52,84.43,2,76.04,1,0,0,2,0,1,60,Critical,3
STU0729,15,Female,10,High,Graduate,67.07,66.3,0.78,100.0,0,80.21,0,0,0,0,0,1,10,Low,0
STU0730,14,Male,11,High,None,52.75,53.55,-0.8,68.23,1,57.28,2,0,1,0,2,0,60,Critical,3
STU0731,15,Male,12,Low,None,49.04,49.66,-0.62,72.36,2,62.39,0,0,2,3,0,0,60,Critical,3
STU0732,16,Male,9,High,High School,42.94,39.69,3.25,86.5,3,77.28,2,0,0,2,0,1,50,High,2
STU0733,14,Female,10,Low,High School,69.07,72.95,-3.88,89.13,1,71.87,2,0,0,0,1,1,25,Medium,1
STU0734,18,Male,11,High,Graduate,51.5,29.03,22.47,83.36,0,74.24,2,0,1,1,1,1,45,High,2
STU0735,18,Female,11,Medium,High School,40.15,39.13,1.02,67.26,3,62.81,2,0,2,1,4,0,75,Critical,3
STU0736,17,Male,9,Medium,Post-Graduate,62.77,54.95,7.83,82.39,0,77.3,1,0,0,3,1,1,45,High,2
STU0737,14,Female,12,High,High School,53.86,58.77,-4.91,72.93,1,68.49,3,1,1,2,1,0,70,Critical,3
STU0738,18,Male,9,Low,Graduate,63.66,71.31,-7.65,76.08,2,75.87,0,0,3,0,1,0,30,Medium,1
STU0739,17,Female,11,High,High School,73.59,76.64,-3.05,100.0,1,96.01,0,0,0,0,2,0,10,Low,0
STU0740,15,Female,10,Low,None,27.19,29.71,-2.52,58.7,4,46.4,6,0,0,2,2,1,100,Critical,3
STU0741,18,Female,11,Medium,None,65.14,49.69,15.45,72.07,2,68.97,1,0,2,2,0,1,50,High,2
STU0742,18,Male,9,Low,High School,45.67,44.61,1.07,79.62,5,72.69,0,0,2,1,2,1,45,High,2
STU0743,15,Male,9,Medium,None,46.21,33.94,12.27,81.33,3,79.23,1,0,0,2,0,1,60,Critical,3
STU0744,18,Female,10,High,None,54.9,46.05,8.85,77.01,0,75.98,1,0,3,0,1,1,45,High,2
STU0745,15,Male,10,Medium,None,67.55,58.74,8.81,89.55,1,84.22,0,0,1,0,1,0,10,Low,0
STU0746,17,Female,12,Low,High School,54.16,55.08,-0.92,81.37,2,73.08,1,0,0,1,0,0,45,High,2
STU0747,16,Female,9,High,Graduate,72.79,52.84,19.95,85.65,1,78.72,1,0,0,1,3,1,25,Medium,1
STU0748,14,Female,9,Medium,Graduate,69.29,68.17,1.12,89.36,0,78.74,1,0,0,1,2,1,25,Medium,1
STU0749,17,Female,10,High,High School,47.69,40.92,6.77,78.43,2,68.64,1,0,1,2,2,0,60,Critical,3
STU0750,16,Male,12,Medium,Graduate,59.17,64.41,-5.24,79.26,1,72.78,2,0,1,2,0,0,45,High,2
STU0751,18,Female,11,Low,Post-Graduate,37.6,44.26,-6.66,73.94,2,71.91,2,0,3,1,0,1,75,Critical,3
STU0752,15,Male,10,High,None,60.83,77.01,-16.18,80.46,2,81.57,1,0,0,3,2,1,45,High,2
STU0753,14,Male,9,Medium,None,81.79,83.45,-1.66,85.7,1,80.38,1,0,0,0,5,1,15,Low,0
STU0754,18,Female,9,Medium,None,60.51,57.62,2.89,81.0,0,71.05,1,0,1,3,1,0,45,High,2
STU0755,15,Female,9,Low,None,51.58,52.68,-1.1,69.88,2,61.04,3,2,3,2,0,1,70,Critical,3
STU0756,14,Male,9,High,Post-Graduate,31.84,15.32,16.52,88.93,5,85.08,0,0,1,1,0,1,35,Medium,1
STU0757,18,Male,12,Medium,Post-Graduate,50.13,54.02,-3.89,76.59,0,70.02,0,0,3,3,0,1,30,Medium,1
STU0758,17,Male,12,Medium,None,54.3,50.09,4.2,72.86,1,67.14,4,1,1,0,1,1,70,Critical,3
STU0759,15,Female,12,Low,High School,41.4,44.56,-3.16,66.77,5,61.47,5,0,1,1,0,1,85,Critical,3
STU0760,18,Male,9,Medium,Post-Graduate,68.79,75.87,-7.08,86.12,0,86.42,1,0,0,0,0,1,25,Medium,1
STU0761,17,Female,11,High,High School,54.36,52.53,1.82,84.37,2,80.26,2,0,0,2,1,0,45,High,2
STU0762,17,Male,12,Low,None,83.89,82.51,1.38,100.0,1,91.86,1,0,1,0,1,0,15,Low,0
STU0763,15,Male,10,Low,None,63.73,62.07,1.66,75.94,2,68.1,2,0,3,2,1,0,45,High,2
STU0764,16,Male,11,Low,None,53.86,48.49,5.37,66.64,0,60.42,4,0,3,1,1,0,70,Critical,3
STU0765,17,Male,12,Medium,Graduate,49.57,40.37,9.2,63.22,2,60.71,2,0,2,1,1,1,75,Critical,3
STU0766,17,Male,9,High,None,58.13,48.07,10.05,90.01,1,78.98,2,0,0,0,0,1,35,Medium,1
STU0767,14,Female,10,High,Graduate,48.53,73.58,-25.05,75.34,4,72.73,1,0,2,1,0,1,60,Critical,3
STU0768,18,Male,9,Medium,Post-Graduate,45.86,58.01,-12.15,65.19,2,59.25,4,1,5,1,3,1,85,Critical,3
STU0769,15,Female,12,High,Graduate,49.81,61.13,-11.33,82.97,5,74.4,0,0,0,2,1,0,45,High,2
STU0770,15,Female,11,Medium,Graduate,80.0,84.37,-4.38,96.64,1,89.96,0,0,0,0,4,0,0,Low,0
STU0771,16,Female,11,High,Graduate,54.21,57.43,-3.22,79.49,1,70.74,1,0,0,0,0,0,45,High,2
STU0772,14,Female,11,High,Graduate,69.72,53.23,16.49,95.53,1,88.13,0,0,1,0,3,1,10,Low,0
STU0773,17,Male,11,High,High School,35.65,36.83,-1.17,76.17,2,70.6,0,0,0,1,0,1,45,High,2
STU0774,14,Female,12,High,Post-Graduate,46.29,42.92,3.37,82.58,4,66.83,3,1,1,0,1,1,70,Critical,3
STU0775,14,Female,9,High,High School,47.34,47.54,-0.21,89.67,5,84.49,0,0,0,1,1,0,35,Medium,1
STU0776,14,Male,9,High,High School,58.34,64.45,-6.11,89.73,0,82.76,1,0,1,1,0,0,35,Medium,1
STU0777,16,Male,11,High,Post-Graduate,61.96,68.09,-6.14,74.73,0,66.98,2,0,2,3,1,0,60,Critical,3
STU0778,15,Male,11,Low,High School,42.35,34.36,7.99,67.96,3,54.2,2,0,3,3,0,0,75,Critical,3
STU0779,17,Female,9,High,Graduate,49.62,49.96,-0.35,88.85,3,70.58,0,0,0,1,0,1,35,Medium,1
STU0780,18,Female,10,High,Post-Graduate,70.93,63.77,7.16,91.95,1,79.65,1,0,1,0,1,1,25,Medium,1
STU0781,14,Male,12,Medium,None,47.82,54.56,-6.75,80.99,4,69.02,1,0,0,0,0,1,60,Critical,3
STU0782,18,Female,9,Low,Post-Graduate,57.76,50.27,7.49,81.49,0,69.06,2,0,1,1,0,0,45,High,2
STU0783,15,Female,10,High,Post-Graduate,48.14,55.79,-7.64,79.91,3,68.59,1,0,1,3,2,1,60,Critical,3
STU0784,17,Male,10,Medium,None,51.39,43.83,7.56,86.96,1,81.5,1,0,0,0,2,0,35,Medium,1
STU0785,16,Male,10,Low,High School,43.88,39.35,4.52,72.32,5,63.1,5,0,2,2,1,0,85,Critical,3
STU0786,14,Female,11,High,Post-Graduate,43.91,34.08,9.84,82.32,5,72.03,1,0,1,2,1,0,60,Critical,3
STU0787,18,Female,9,Medium,None,56.01,54.44,1.57,69.89,0,59.76,5,0,0,3,3,1,70,Critical,3
STU0788,18,Male,9,Low,Post-Graduate,58.57,58.36,0.21,79.73,2,67.62,0,0,3,4,1,1,30,Medium,1
STU0789,17,Female,12,High,Post-Graduate,61.94,64.41,-2.47,81.37,1,78.5,1,0,0,2,1,0,45,High,2
STU0790,15,Female,10,Low,High School,51.96,49.81,2.14,66.76,2,56.54,2,0,4,3,0,1,60,Critical,3
STU0791,14,Male,12,High,None,45.54,47.93,-2.39,76.49,3,70.89,0,0,2,3,0,0,45,High,2
STU0792,15,Male,10,High,Post-Graduate,63.72,69.14,-5.42,80.53,2,73.73,1,0,0,1,2,0,45,High,2
STU0793,17,Female,10,High,None,70.02,76.13,-6.11,85.6,0,82.73,0,0,0,0,1,1,10,Low,0
STU0794,14,Male,9,High,Post-Graduate,75.91,66.88,9.03,86.32,0,84.05,1,0,0,0,4,1,15,Low,0
STU0795,16,Male,9,High,Post-Graduate,81.83,77.62,4.21,85.25,1,71.39,0,0,0,3,2,0,0,Low,0
STU0796,15,Male,12,Medium,Post-Graduate,49.88,41.57,8.31,89.85,2,76.52,1,0,0,1,1,0,50,High,2
STU0797,18,Female,12,Medium,High School,86.35,97.89,-11.54,100.0,0,100.0,2,0,1,0,3,0,15,Low,0
STU0798,17,Male,11,High,High School,46.08,56.19,-10.11,87.99,4,83.41,0,0,0,1,0,1,35,Medium,1
STU0799,15,Male,9,High,High School,54.88,67.4,-12.52,95.33,2,79.75,1,0,0,1,0,0,35,Medium,1
STU0800,14,Male,12,Low,Graduate,72.4,77.85,-5.44,76.68,0,73.91,2,0,4,4,1,1,35,Medium,1
STU0801,14,Female,9,High,Graduate,41.49,45.48,-3.99,87.26,2,80.85,0,0,2,0,3,0,35,Medium,1
STU0802,18,Female,9,Low,High School,56.36,60.84,-4.49,72.79,2,71.21,3,1,0,3,0,0,70,Critical,3
STU0803,18,Female,9,High,Graduate,89.6,90.45,-0.85,99.48,0,90.82,0,0,1,0,3,1,0,Low,0
STU0804,15,Female,12,Medium,None,40.62,41.63,-1.0,88.28,5,78.55,0,0,0,0,2,1,35,Medium,1
STU0805,15,Male,12,High,High School,41.75,53.39,-11.64,71.68,5,67.51,4,1,4,1,0,1,85,Critical,3
STU0806,14,Male,9,High,High School,68.47,67.46,1.01,72.09,2,65.99,5,1,2,0,2,0,60,Critical,3
STU0807,14,Male,11,High,Post-Graduate,68.83,75.8,-6.97,80.96,0,73.97,2,0,2,0,3,1,35,Medium,1
STU0808,18,Female,12,Medium,None,67.06,67.32,-0.26,89.71,0,76.27,0,0,0,0,1,1,10,Low,0
STU0809,15,Male,12,Low,Graduate,37.46,42.41,-4.95,65.1,5,71.18,5,0,2,0,1,0,85,Critical,3
STU0810,16,Female,11,High,Graduate,81.25,68.2,13.05,87.51,1,84.91,1,0,0,0,1,0,15,Low,0
STU0811,18,Female,9,High,Graduate,69.26,57.62,11.64,77.0,0,62.45,0,0,1,4,0,0,20,Medium,1
STU0812,17,Male,12,High,High School,62.9,66.56,-3.66,95.04,1,88.69,0,0,0,1,1,0,20,Medium,1
STU0813,17,Female,10,Medium,Graduate,90.85,100.0,-9.15,97.63,1,88.07,0,0,1,0,4,0,0,Low,0
STU0814,16,Male,11,Low,High School,44.9,67.51,-22.61,67.72,3,67.75,3,0,0,2,1,0,85,Critical,3
STU0815,14,Male,12,High,High School,63.19,64.13,-0.95,93.14,2,91.21,0,0,0,1,2,0,20,Medium,1
STU0816,15,Male,11,Low,Graduate,32.13,27.71,4.42,69.01,2,67.46,4,1,2,2,1,1,85,Critical,3
STU0817,14,Female,11,Medium,Graduate,45.8,45.06,0.74,76.37,4,68.37,1,0,5,0,0,1,60,Critical,3
STU0818,18,Male,9,Medium,High School,43.24,40.02,3.21,72.27,3,63.43,4,0,2,2,1,1,85,Critical,3
STU0819,15,Female,12,Medium,Post-Graduate,84.6,93.39,-8.79,91.27,1,73.06,1,0,0,0,1,1,15,Low,0
STU0820,14,Female,10,High,Post-Graduate,56.01,55.71,0.29,73.46,1,71.81,5,2,4,1,0,1,70,Critical,3
STU0821,14,Female,10,Low,Post-Graduate,65.34,57.77,7.58,82.07,0,74.27,3,2,0,1,0,0,45,High,2
STU0822,15,Male,12,Medium,Post-Graduate,67.08,47.7,19.38,88.64,0,74.11,1,0,0,0,1,0,25,Medium,1
STU0823,17,Female,12,Medium,None,66.96,53.98,12.98,72.09,1,78.79,1,0,0,0,1,0,50,High,2
STU0824,16,Female,12,High,High School,64.44,58.27,6.17,85.28,2,74.24,2,0,0,2,0,0,35,Medium,1
STU0825,14,Male,11,Low,Graduate,45.51,54.0,-8.5,68.65,4,64.69,4,0,1,1,1,0,85,Critical,3
STU0826,16,Male,9,Low,High School,50.85,48.88,1.97,66.77,1,62.21,2,0,3,1,0,1,60,Critical,3
STU0827,15,Female,10,Low,Post-Graduate,53.46,55.89,-2.44,61.57,0,54.73,2,0,0,3,1,1,60,Critical,3
STU0828,16,Female,10,Medium,None,54.01,61.56,-7.55,81.75,2,74.55,2,0,0,1,0,0,45,High,2
STU0829,15,Female,10,Medium,High School,43.29,45.22,-1.93,81.62,5,72.79,1,0,1,1,1,0,60,Critical,3
STU0830,14,Male,10,High,Graduate,61.81,56.18,5.64,88.61,1,83.6,0,0,0,0,1,1,20,Medium,1
STU0831,15,Male,12,Low,Graduate,62.99,57.01,5.98,75.92,0,68.86,0,0,4,3,1,1,30,Medium,1
STU0832,17,Male,12,Medium,High School,38.77,51.34,-12.57,90.73,2,74.04,0,0,0,0,1,0,35,Medium,1
STU0833,15,Female,10,Low,Post-Graduate,81.25,96.03,-14.77,88.85,0,73.67,0,0,1,1,2,0,0,Low,0
STU0834,16,Male,10,High,Post-Graduate,60.63,67.51,-6.88,90.21,1,84.41,2,0,1,0,1,0,35,Medium,1
STU0835,15,Female,9,Low,Post-Graduate,48.58,38.1,10.48,70.93,4,61.46,2,0,3,0,0,0,75,Critical,3
STU0836,14,Female,11,High,Graduate,97.16,100.0,-2.84,78.89,0,58.5,0,0,4,1,4,0,10,Low,0
STU0837,14,Female,11,High,High School,43.22,52.88,-9.66,88.6,3,75.1,1,0,1,0,1,1,50,High,2
STU0838,16,Female,10,High,None,68.04,69.87,-1.82,93.36,2,76.8,0,0,1,1,0,0,10,Low,0
STU0839,16,Female,12,Medium,High School,51.32,54.25,-2.92,100.0,2,86.99,1,0,0,0,2,1,35,Medium,1
STU0840,15,Male,12,Low,Graduate,38.74,61.45,-22.71,65.77,2,50.23,6,1,2,0,2,0,85,Critical,3
STU0841,14,Female,10,Low,Graduate,44.06,42.12,1.94,65.69,4,66.41,4,1,0,1,1,0,85,Critical,3
STU0842,17,Male,10,Medium,Post-Graduate,47.21,35.4,11.81,87.64,2,80.51,1,0,1,0,0,1,50,High,2
STU0843,16,Female,12,Medium,Graduate,64.3,58.97,5.33,93.0,2,85.26,2,0,1,2,1,1,35,Medium,1
STU0844,18,Female,9,Low,High School,46.69,54.72,-8.03,69.41,5,65.21,1,0,2,3,1,0,75,Critical,3
STU0845,17,Male,10,High,High School,69.94,58.33,11.61,84.66,2,76.14,1,0,0,2,1,1,35,Medium,1
STU0846,14,Male,9,Low,Post-Graduate,42.88,37.37,5.51,79.41,3,65.21,2,0,0,0,1,1,60,Critical,3
STU0847,17,Female,9,High,Post-Graduate,66.73,58.05,8.69,92.75,0,84.28,1,0,2,0,2,1,25,Medium,1
STU0848,16,Male,12,High,None,94.27,85.59,8.68,99.86,0,83.19,2,0,0,0,5,1,15,Low,0
STU0849,15,Male,10,Medium,Graduate,35.98,39.81,-3.83,89.2,4,79.95,3,1,0,0,2,1,60,Critical,3
STU0850,16,Male,11,Low,Post-Graduate,55.91,46.14,9.77,75.02,2,66.07,2,0,2,1,0,1,45,High,2
STU0851,14,Male,10,Medium,None,58.85,60.45,-1.6,100.0,0,86.85,0,0,0,0,2,0,20,Medium,1
STU0852,18,Male,10,High,None,39.45,56.54,-17.08,88.41,5,77.89,3,2,1,2,0,1,60,Critical,3
STU0853,18,Male,10,Medium,High School,78.51,68.68,9.84,99.67,1,94.58,0,0,1,2,1,1,0,Low,0
STU0854,15,Male,9,Medium,Graduate,100.0,100.0,0.0,92.99,1,86.86,0,0,0,0,2,1,0,Low,0
STU0855,14,Male,12,High,None,54.61,54.25,0.37,72.54,2,69.82,1,0,8,3,0,0,60,Critical,3
STU0856,14,Male,12,Low,None,72.77,67.91,4.86,82.59,1,68.75,3,0,0,1,1,1,45,High,2
STU0857,16,Female,11,High,High School,50.5,58.57,-8.07,77.61,1,67.45,0,0,3,2,2,1,30,Medium,1
STU0858,15,Female,12,Low,High School,62.03,53.39,8.64,80.28,2,73.09,1,0,0,2,1,0,45,High,2
STU0859,15,Female,11,Low,High School,67.73,61.86,5.88,64.35,0,58.95,0,0,2,3,0,1,35,Medium,1
STU0860,14,Male,9,High,High School,54.58,53.94,0.64,84.17,0,77.24,1,0,1,2,5,0,45,High,2
STU0861,14,Male,11,Medium,Post-Graduate,60.59,83.92,-23.33,86.1,2,81.78,1,0,0,0,1,0,35,Medium,1
STU0862,17,Female,11,Medium,None,63.91,61.83,2.08,86.99,0,76.33,2,0,0,1,1,1,35,Medium,1
STU0863,15,Female,12,Low,None,51.96,51.29,0.66,75.32,2,72.3,0,0,0,2,0,1,30,Medium,1
STU0864,18,Female,10,Medium,None,54.4,49.94,4.46,77.58,0,58.52,0,0,2,3,2,0,30,Medium,1
STU0865,15,Female,11,High,None,63.04,61.16,1.88,75.15,2,61.51,0,0,2,2,0,1,30,Medium,1
STU0866,14,Male,10,Medium,Graduate,65.85,66.2,-0.35,85.57,1,78.5,1,0,0,0,3,0,25,Medium,1
STU0867,15,Female,11,High,High School,65.85,53.05,12.8,76.03,0,74.28,0,0,3,0,1,0,20,Medium,1
STU0868,16,Male,9,Low,None,61.87,67.41,-5.54,88.02,2,79.97,1,0,3,1,0,1,35,Medium,1
STU0869,14,Female,9,Low,Post-Graduate,56.96,61.04,-4.08,65.78,1,59.61,1,0,2,1,1,0,60,Critical,3
STU0870,18,Male,9,High,None,67.67,74.42,-6.75,82.52,0,72.85,0,0,0,1,1,1,20,Medium,1
STU0871,17,Female,11,High,High School,82.67,66.76,15.91,99.65,0,86.53,0,0,1,1,6,1,0,Low,0
STU0872,14,Male,12,Medium,High School,40.13,50.16,-10.02,96.62,5,86.5,0,0,0,0,1,0,35,Medium,1
STU0873,16,Female,10,Low,Graduate,39.4,30.47,8.93,50.83,4,44.09,3,1,2,1,1,1,100,Critical,3
STU0874,15,Male,11,Low,High School,54.38,64.11,-9.73,68.55,2,58.1,3,3,1,1,1,1,70,Critical,3
STU0875,14,Male,11,Medium,Post-Graduate,86.33,89.72,-3.39,86.16,0,83.81,1,0,1,2,3,1,15,Low,0
STU0876,18,Female,10,High,High School,49.25,51.7,-2.45,82.89,2,73.69,1,0,0,2,2,1,60,Critical,3
STU0877,18,Male,9,High,Post-Graduate,60.81,68.07,-7.26,92.22,0,82.46,5,1,1,0,0,1,45,High,2
STU0878,18,Female,11,Medium,Graduate,74.21,74.68,-0.47,96.99,0,85.3,0,0,0,0,2,1,10,Low,0
STU0879,18,Male,12,Medium,High School,42.92,43.37,-0.45,84.31,4,82.17,1,0,0,5,1,0,60,Critical,3
STU0880,18,Female,9,High,High School,55.69,55.04,0.65,78.1,0,74.2,1,0,1,1,1,1,45,High,2
STU0881,14,Female,9,High,Post-Graduate,59.62,71.21,-11.59,75.42,0,68.42,0,0,2,0,0,1,30,Medium,1
STU0882,17,Female,12,Medium,None,57.91,41.42,16.49,74.4,2,62.96,5,0,3,3,1,1,70,Critical,3
STU0883,16,Female,12,High,None,67.27,68.56,-1.3,86.82,2,71.89,2,0,0,1,1,1,25,Medium,1
STU0884,16,Male,12,Low,Post-Graduate,44.94,44.98,-0.04,63.38,2,61.95,4,1,2,2,1,0,85,Critical,3
STU0885,18,Male,10,Medium,None,50.71,52.71,-2.0,82.47,0,71.72,1,0,0,2,3,1,45,High,2
STU0886,17,Male,11,Low,Post-Graduate,67.28,62.82,4.47,86.57,1,72.76,0,0,0,0,0,0,10,Low,0
STU0887,18,Female,9,High,Graduate,42.27,42.79,-0.51,80.71,3,74.73,0,0,0,1,2,1,45,High,2
STU0888,14,Female,10,High,Post-Graduate,25.82,26.58,-0.76,80.21,5,80.83,1,0,0,1,0,0,60,Critical,3
STU0889,15,Male,12,High,Graduate,40.19,38.7,1.5,84.04,2,74.55,4,0,0,0,5,0,70,Critical,3
STU0890,18,Male,11,Low,Graduate,41.06,31.97,9.09,52.97,4,48.83,4,2,3,0,2,0,100,Critical,3
STU0891,15,Male,11,Low,High School,44.13,61.77,-17.64,74.58,2,62.26,3,2,3,2,2,0,85,Critical,3
STU0892,15,Male,12,High,High School,53.69,53.67,0.02,86.07,0,69.11,0,0,1,1,0,1,20,Medium,1
STU0893,14,Male,12,Medium,Post-Graduate,59.42,68.02,-8.6,84.38,0,70.35,1,0,1,2,1,1,45,High,2
STU0894,14,Female,12,Low,Post-Graduate,75.43,82.77,-7.35,95.26,0,91.45,1,0,0,1,1,0,15,Low,0
STU0895,14,Male,9,High,None,65.32,62.12,3.2,86.49,2,83.32,1,0,1,1,1,1,25,Medium,1
STU0896,14,Male,11,Medium,Graduate,56.16,60.5,-4.34,93.7,0,81.58,1,0,0,0,1,1,35,Medium,1
STU0897,17,Male,12,Medium,High School,49.05,47.27,1.78,85.24,2,77.64,3,1,0,0,1,0,60,Critical,3
STU0898,15,Male,12,High,High School,74.18,58.75,15.44,97.42,1,87.25,2,0,1,0,1,0,25,Medium,1
STU0899,18,Female,10,High,Post-Graduate,48.36,50.43,-2.08,79.26,3,71.2,1,0,3,1,1,0,60,Critical,3
STU0900,15,Female,11,Medium,Graduate,46.11,52.79,-6.68,75.19,4,60.93,0,0,5,2,0,1,45,High,2
STU0901,16,Male,12,High,Post-Graduate,58.04,53.77,4.27,86.82,0,83.06,1,0,1,1,1,0,35,Medium,1
STU0902,14,Female,11,Medium,Graduate,50.43,59.46,-9.03,73.48,1,61.67,2,0,2,2,3,1,60,Critical,3
STU0903,16,Male,9,High,Post-Graduate,53.98,49.05,4.92,70.26,1,65.16,3,0,1,3,1,1,70,Critical,3
STU0904,17,Female,12,Low,Graduate,20.6,16.01,4.58,74.42,2,64.7,3,3,3,1,4,1,85,Critical,3
STU0905,17,Male,12,Low,Graduate,54.41,33.89,20.53,71.32,2,63.82,1,0,2,0,2,1,60,Critical,3
STU0906,18,Male,11,Medium,Post-Graduate,70.08,64.91,5.17,80.11,1,76.33,0,0,0,1,2,0,20,Medium,1
STU0907,15,Male,12,Low,Graduate,74.34,78.27,-3.93,88.89,1,75.59,0,0,1,0,2,0,10,Low,0
STU0908,15,Female,12,High,High School,40.54,54.42,-13.88,82.9,4,69.26,0,0,0,2,1,1,45,High,2
STU0909,14,Female,11,Medium,Post-Graduate,40.61,41.22,-0.62,65.11,2,61.18,4,1,2,2,3,1,85,Critical,3
STU0910,18,Female,11,Low,None,49.62,35.49,14.13,58.62,5,54.25,1,0,2,2,1,0,90,Critical,3
STU0911,17,Male,10,Medium,Post-Graduate,48.1,51.62,-3.52,88.64,3,74.09,2,0,1,0,0,0,50,High,2
STU0912,15,Female,12,Low,None,40.71,37.84,2.87,56.95,5,56.96,3,1,3,2,1,1,100,Critical,3
STU0913,14,Female,10,Low,Post-Graduate,62.18,52.84,9.34,88.35,1,76.61,3,0,1,0,3,1,45,High,2
STU0914,17,Female,9,Low,Graduate,49.81,52.87,-3.06,73.88,2,77.81,4,2,1,1,1,0,85,Critical,3
STU0915,15,Female,11,High,Post-Graduate,49.26,46.6,2.66,74.51,3,65.3,3,1,2,4,1,1,85,Critical,3
STU0916,14,Female,11,Medium,Post-Graduate,51.62,56.28,-4.65,72.14,0,65.2,5,0,2,0,2,1,70,Critical,3
STU0917,14,Female,12,Low,Graduate,42.44,57.82,-15.38,58.27,5,49.42,8,0,2,2,1,1,100,Critical,3
STU0918,14,Male,10,High,Post-Graduate,69.46,65.17,4.29,78.6,1,65.7,0,0,2,2,1,1,20,Medium,1
STU0919,18,Male,10,Low,None,56.96,55.58,1.38,76.53,1,75.93,0,0,3,2,1,0,30,Medium,1
STU0920,15,Male,12,High,High School,29.3,30.26,-0.96,79.87,5,77.83,0,0,1,5,0,0,45,High,2
STU0921,17,Female,9,Low,Post-Graduate,66.57,79.58,-13.01,76.09,2,72.56,1,0,0,2,0,1,35,Medium,1
STU0922,14,Male,12,Medium,Graduate,82.78,67.9,14.88,96.65,0,85.64,2,0,0,1,2,0,15,Low,0
STU0923,14,Female,12,High,Graduate,56.08,63.6,-7.51,86.22,0,78.97,1,0,1,1,0,0,35,Medium,1
STU0924,14,Male,9,Low,Post-Graduate,20.97,15.82,5.15,37.79,3,34.82,3,0,2,2,1,1,100,Critical,3
STU0925,15,Female,12,Medium,Post-Graduate,92.32,100.0,-7.68,94.29,1,89.07,2,0,0,0,4,1,15,Low,0
STU0926,16,Male,10,High,None,65.88,73.48,-7.6,69.16,1,63.62,0,0,3,1,1,1,35,Medium,1
STU0927,15,Female,11,Medium,None,71.54,63.71,7.83,83.35,1,70.06,3,0,0,1,0,1,45,High,2
STU0928,15,Male,12,Medium,Post-Graduate,36.33,42.31,-5.98,82.68,5,66.42,1,0,1,0,1,1,60,Critical,3
STU0929,16,Male,11,Low,High School,28.23,45.36,-17.13,55.16,2,46.72,4,0,4,1,0,1,100,Critical,3
STU0930,16,Male,11,Medium,None,70.77,76.23,-5.46,91.81,1,74.4,3,0,0,0,0,1,35,Medium,1
STU0931,15,Female,12,Medium,High School,30.31,26.04,4.27,72.27,4,66.88,0,0,1,3,3,1,60,Critical,3
STU0932,17,Female,10,Low,Post-Graduate,79.2,84.77,-5.57,66.31,1,55.88,0,0,2,1,3,0,25,Medium,1
STU0933,17,Female,12,Low,Graduate,70.89,73.52,-2.64,89.11,0,79.94,1,0,0,2,0,1,25,Medium,1
STU0934,16,Female,12,Low,Post-Graduate,52.24,58.76,-6.52,79.04,0,69.53,0,0,1,2,0,0,30,Medium,1
STU0935,15,Male,11,Medium,Post-Graduate,59.08,60.95,-1.87,82.88,2,76.06,0,0,0,2,0,1,30,Medium,1
STU0936,15,Male,10,Low,Post-Graduate,47.4,33.27,14.13,81.49,3,75.34,1,0,0,2,0,0,60,Critical,3
STU0937,18,Female,12,Medium,None,79.99,72.82,7.17,88.43,0,77.5,0,0,1,0,3,0,0,Low,0
STU0938,16,Male,10,Low,High School,38.96,46.26,-7.3,68.4,4,63.45,1,0,2,0,1,0,75,Critical,3
STU0939,14,Male,11,Medium,Graduate,64.05,70.65,-6.6,76.31,0,72.21,3,0,0,3,1,1,55,High,2
STU0940,15,Male,10,Low,Graduate,37.07,28.78,8.29,56.95,3,49.83,2,0,1,2,1,0,90,Critical,3
STU0941,17,Male,11,Medium,Post-Graduate,51.18,59.68,-8.5,85.06,1,65.22,1,0,0,0,0,1,35,Medium,1
STU0942,14,Female,11,Medium,High School,86.61,78.52,8.09,81.05,1,67.94,0,0,1,2,4,0,10,Low,0
STU0943,15,Male,9,Medium,None,49.58,46.99,2.6,76.52,3,65.01,0,0,1,1,0,0,45,High,2
STU0944,14,Female,10,Low,Post-Graduate,45.25,44.85,0.39,74.41,4,66.25,4,3,1,1,1,1,85,Critical,3
STU0945,16,Male,9,High,Graduate,52.92,52.76,0.16,84.47,0,73.94,1,0,0,2,1,0,45,High,2
STU0946,15,Female,10,High,High School,51.22,50.45,0.77,72.5,1,75.37,1,0,1,0,1,0,60,Critical,3
STU0947,15,Male,10,Medium,None,58.37,55.87,2.5,88.46,0,73.8,1,0,0,2,2,1,35,Medium,1
STU0948,18,Female,11,Low,High School,51.32,52.67,-1.34,62.83,0,53.38,7,2,4,4,0,1,70,Critical,3
STU0949,15,Male,11,Medium,Post-Graduate,49.54,43.8,5.74,72.85,5,67.13,3,0,2,1,1,0,85,Critical,3
STU0950,14,Male,10,Low,Graduate,83.79,75.78,8.02,90.66,1,83.86,1,0,0,1,5,1,15,Low,0
STU0951,15,Female,9,Low,Post-Graduate,47.14,41.5,5.65,61.19,4,58.33,4,3,3,1,0,1,85,Critical,3
STU0952,15,Female,10,Low,High School,60.92,65.71,-4.8,96.45,2,87.69,0,0,0,0,4,1,20,Medium,1
STU0953,16,Female,10,Medium,High School,52.17,58.23,-6.06,99.41,1,89.18,3,2,1,0,0,0,45,High,2
STU0954,16,Female,9,High,Post-Graduate,51.18,51.62,-0.44,88.17,0,76.38,0,0,1,2,2,1,20,Medium,1
STU0955,17,Male,9,Medium,Graduate,54.83,48.68,6.15,89.04,0,74.6,1,0,0,1,2,1,35,Medium,1
STU0956,16,Male,10,Medium,Graduate,62.11,53.01,9.11,77.14,1,74.89,1,0,1,3,2,0,45,High,2
STU0957,15,Female,12,High,Graduate,53.65,58.22,-4.56,88.26,2,70.45,0,0,0,0,1,0,20,Medium,1
STU0958,17,Female,11,High,Graduate,36.72,36.0,0.72,74.51,4,73.37,4,0,5,0,1,0,85,Critical,3
STU0959,17,Male,12,High,None,62.78,60.63,2.15,78.4,2,68.25,0,0,4,1,0,1,30,Medium,1
STU0960,16,Female,10,High,Graduate,80.83,79.6,1.23,90.61,1,83.14,0,0,0,0,2,1,0,Low,0
STU0961,15,Female,12,Medium,Graduate,51.53,54.03,-2.5,87.83,1,72.74,1,0,1,0,4,0,35,Medium,1
STU0962,17,Male,12,Medium,Post-Graduate,74.66,88.12,-13.46,88.59,1,78.02,1,0,1,1,0,1,25,Medium,1
STU0963,16,Female,9,High,None,52.3,38.26,14.04,85.76,1,73.18,1,0,0,0,1,1,35,Medium,1
STU0964,17,Male,11,High,Graduate,92.69,78.32,14.37,93.62,1,78.13,0,0,1,0,5,0,0,Low,0
STU0965,16,Male,12,Low,None,66.58,68.36,-1.78,87.01,2,77.5,0,0,2,0,0,1,10,Low,0
STU0966,15,Male,11,Medium,None,78.26,74.45,3.81,89.23,0,83.7,0,0,0,1,3,1,0,Low,0
STU0967,14,Male,9,High,High School,83.09,79.41,3.68,99.05,0,96.1,1,0,0,0,2,0,15,Low,0
STU0968,14,Male,10,Low,Graduate,46.32,44.79,1.52,81.4,4,74.72,2,0,0,1,1,0,60,Critical,3
STU0969,17,Male,9,Low,None,19.06,25.6,-6.54,59.19,3,44.91,4,1,3,2,0,1,100,Critical,3
STU0970,17,Female,9,Medium,Graduate,49.49,48.85,0.63,90.15,3,81.03,1,0,0,0,0,1,50,High,2
STU0971,17,Male,9,Low,None,53.86,52.59,1.28,92.82,1,82.81,1,0,0,0,2,1,35,Medium,1
STU0972,16,Male,12,High,High School,62.04,69.54,-7.5,75.62,0,60.41,0,0,0,3,1,0,30,Medium,1
STU0973,18,Female,11,High,High School,39.53,48.31,-8.78,76.68,2,68.92,1,0,4,3,1,1,60,Critical,3
STU0974,14,Female,9,High,High School,37.6,35.34,2.26,78.99,2,73.28,1,0,2,1,0,1,60,Critical,3
STU0975,16,Male,10,High,High School,59.65,58.02,1.63,86.6,1,80.34,0,0,3,0,1,0,20,Medium,1
STU0976,17,Male,12,Low,Graduate,40.08,41.86,-1.78,65.83,3,62.5,2,0,2,1,1,1,75,Critical,3
STU0977,16,Male,10,High,None,67.62,66.17,1.45,90.84,1,87.58,0,0,0,0,1,1,10,Low,0
STU0978,15,Female,12,High,None,56.15,67.48,-11.33,95.6,1,82.46,2,0,0,0,1,1,35,Medium,1
STU0979,14,Male,10,High,None,58.59,62.85,-4.26,88.23,1,77.69,2,0,0,0,1,1,35,Medium,1
STU0980,17,Male,12,Medium,Post-Graduate,64.87,53.65,11.21,85.74,2,79.02,2,0,0,2,0,1,35,Medium,1
STU0981,18,Female,11,Medium,None,43.18,42.41,0.77,77.6,3,79.16,0,0,4,2,1,1,45,High,2
STU0982,17,Female,10,High,Graduate,49.06,51.32,-2.26,84.63,3,84.07,1,0,1,1,0,0,60,Critical,3
STU0983,16,Female,11,Medium,None,62.43,79.79,-17.36,88.34,1,72.53,1,0,0,0,0,1,35,Medium,1
STU0984,15,Male,9,Medium,High School,73.42,65.48,7.94,100.0,1,87.26,0,0,0,0,0,1,10,Low,0
STU0985,18,Female,9,Medium,Graduate,94.37,98.49,-4.12,85.38,1,72.72,0,0,0,1,6,0,0,Low,0
STU0986,18,Female,9,High,Post-Graduate,77.39,73.47,3.93,96.71,0,93.98,0,0,0,0,2,1,0,Low,0
STU0987,17,Male,9,Low,None,43.27,26.24,17.03,57.88,2,44.28,2,0,2,1,0,0,90,Critical,3
STU0988,16,Male,11,Medium,Graduate,74.51,88.47,-13.96,100.0,1,89.69,0,0,0,0,0,0,10,Low,0
STU0989,15,Female,9,High,None,58.89,59.36,-0.47,78.41,1,72.22,2,0,4,0,0,1,45,High,2
STU0990,14,Male,9,High,Post-Graduate,66.05,66.32,-0.27,89.88,1,86.34,1,0,0,0,3,1,25,Medium,1
STU0991,15,Male,12,High,High School,66.72,77.17,-10.45,87.02,2,81.56,1,0,0,0,1,1,25,Medium,1
STU0992,16,Female,9,High,None,72.27,82.22,-9.94,83.46,0,75.43,1,0,1,1,2,0,35,Medium,1
STU0993,15,Male,11,Medium,None,53.44,48.13,5.31,90.46,0,74.09,2,0,0,0,0,1,35,Medium,1
STU0994,16,Male,10,High,High School,65.21,58.29,6.92,91.85,0,78.83,2,0,0,1,0,1,25,Medium,1
STU0995,14,Female,9,Medium,High School,75.34,67.92,7.42,96.45,1,90.54,2,0,0,1,5,0,15,Low,0
STU0996,15,Male,11,High,Graduate,42.17,46.08,-3.91,86.51,4,75.35,1,0,0,0,0,0,50,High,2
STU0997,15,Female,12,High,High School,61.78,61.86,-0.08,92.56,1,73.4,1,0,1,0,1,0,35,Medium,1
STU0998,16,Female,12,Low,Graduate,56.61,39.31,17.3,90.72,1,86.26,0,0,0,1,0,0,20,Medium,1
STU0999,14,Female,9,High,None,68.12,66.77,1.35,78.62,2,71.64,2,0,0,1,1,0,35,Medium,1
STU1000,17,Female,12,High,Graduate,34.32,28.79,5.54,85.55,5,77.67,3,2,1,1,1,1,60,Critical,3
